buyer_id,regency_cluster_predicted
0,0
1,0
2,0
3,0
4,0
5,0
6,0
7,0
8,0
9,0
10,23
11,0
12,0
13,7
14,0
15,0
16,0
17,0
18,3
19,0
20,0
21,0
22,0
23,0
24,0
25,0
26,0
27,0
28,0
29,8
30,0
31,0
32,0
33,0
34,5
35,0
36,0
37,0
38,0
39,0
40,0
41,0
42,0
43,0
44,0
45,2
46,0
47,12
48,0
49,6
50,0
51,0
52,0
53,0
54,15
55,0
56,10
57,0
58,0
59,0
60,0
61,0
62,0
63,10
64,0
65,2
66,8
67,0
68,0
69,0
70,0
71,0
72,0
73,0
74,0
75,0
76,0
77,2
78,0
79,0
80,12
81,0
82,0
83,27
84,0
85,0
86,0
87,13
88,0
89,0
90,0
91,0
92,0
93,0
94,0
95,0
96,0
97,0
98,0
99,6
100,0
101,0
102,25
103,17
104,0
105,0
106,0
107,22
108,0
109,0
110,0
111,0
112,0
113,0
114,0
115,11
116,0
117,0
118,0
119,0
120,0
121,0
122,0
123,0
124,18
125,0
126,0
127,0
128,0
129,1
130,0
131,0
132,23
133,0
134,0
135,8
136,0
137,0
138,0
139,0
140,0
141,0
142,6
143,0
144,0
145,0
146,0
147,0
148,0
149,22
150,0
151,0
152,17
153,4
154,6
155,0
156,0
157,0
158,0
159,0
160,0
161,8
162,0
163,0
164,0
165,33
166,0
167,0
168,0
169,0
170,0
171,0
172,22
173,0
174,6
175,0
176,0
177,0
178,0
179,0
180,0
181,0
182,22
183,0
184,0
185,0
186,0
187,6
188,1
189,0
190,13
191,0
192,0
193,0
194,0
195,0
196,7
197,0
198,0
199,6
200,0
201,0
202,0
203,23
204,6
205,0
206,0
207,0
208,0
209,0
210,0
211,3
212,7
213,0
214,0
215,0
216,0
217,6
218,0
219,0
220,0
221,0
222,0
223,6
224,8
225,0
226,0
227,0
228,8
229,2
230,0
231,0
232,0
233,0
234,0
235,0
236,6
237,0
238,6
239,0
240,0
241,0
242,6
243,0
244,0
245,0
246,0
247,0
248,6
249,3
250,0
251,0
252,0
253,0
254,0
255,0
256,0
257,0
258,0
259,0
260,0
261,0
262,0
263,0
264,0
265,0
266,0
267,0
268,0
269,6
270,0
271,6
272,0
273,0
274,0
275,0
276,0
277,0
278,0
279,0
280,6
281,0
282,0
283,3
284,0
285,0
286,0
287,0
288,0
289,4
290,0
291,0
292,0
293,0
294,0
295,0
296,0
297,0
298,0
299,0
300,18
301,4
302,0
303,0
304,0
305,0
306,0
307,11
308,0
309,0
310,0
311,6
312,19
313,21
314,0
315,0
316,6
317,0
318,0
319,0
320,0
321,0
322,0
323,0
324,36
325,0
326,0
327,0
328,0
329,0
330,0
331,0
332,10
333,0
334,0
335,8
336,0
337,34
338,4
339,0
340,21
341,0
342,0
343,15
344,6
345,21
346,8
347,0
348,0
349,0
350,0
351,6
352,3
353,0
354,0
355,0
356,0
357,0
358,0
359,0
360,0
361,0
362,6
363,3
364,0
365,0
366,28
367,0
368,6
369,19
370,0
371,0
372,0
373,0
374,0
375,0
376,0
377,0
378,0
379,0
380,33
381,3
382,0
383,0
384,0
385,0
386,0
387,0
388,0
389,0
390,0
391,0
392,22
393,0
394,0
395,0
396,0
397,0
398,0
399,7
400,0
401,0
402,6
403,15
404,8
405,0
406,0
407,0
408,0
409,0
410,0
411,0
412,6
413,0
414,0
415,0
416,0
417,21
418,8
419,0
420,0
421,0
422,0
423,0
424,33
425,0
426,13
427,0
428,0
429,6
430,0
431,0
432,4
433,0
434,0
435,0
436,0
437,8
438,1
439,0
440,0
441,0
442,0
443,0
444,6
445,0
446,0
447,3
448,8
449,0
450,0
451,10
452,0
453,0
454,23
455,0
456,17
457,0
458,0
459,0
460,0
461,0
462,0
463,23
464,0
465,8
466,0
467,0
468,0
469,0
470,6
471,0
472,8
473,19
474,0
475,0
476,6
477,0
478,19
479,0
480,0
481,8
482,0
483,23
484,0
485,0
486,0
487,0
488,0
489,0
490,0
491,0
492,2
493,0
494,0
495,0
496,8
497,0
498,0
499,6
500,0
501,0
502,0
503,0
504,0
505,0
506,0
507,0
508,2
509,0
510,0
511,27
512,0
513,0
514,0
515,8
516,0
517,0
518,0
519,0
520,2
521,0
522,0
523,0
524,0
525,6
526,0
527,0
528,35
529,0
530,0
531,0
532,0
533,7
534,0
535,0
536,0
537,0
538,0
539,5
540,0
541,4
542,0
543,0
544,0
545,0
546,0
547,0
548,0
549,30
550,0
551,5
552,6
553,0
554,0
555,0
556,0
557,0
558,8
559,0
560,18
561,0
562,29
563,0
564,3
565,0
566,0
567,0
568,0
569,0
570,0
571,8
572,0
573,0
574,0
575,0
576,0
577,0
578,0
579,0
580,0
581,0
582,0
583,3
584,0
585,0
586,0
587,0
588,0
589,0
590,0
591,7
592,0
593,10
594,0
595,0
596,0
597,6
598,0
599,6
600,0
601,0
602,0
603,8
604,0
605,6
606,0
607,0
608,0
609,0
610,0
611,0
612,0
613,0
614,0
615,0
616,0
617,0
618,0
619,0
620,0
621,4
622,0
623,0
624,0
625,19
626,0
627,0
628,0
629,0
630,6
631,6
632,0
633,0
634,17
635,0
636,0
637,0
638,0
639,0
640,36
641,0
642,3
643,0
644,0
645,3
646,4
647,8
648,6
649,0
650,0
651,0
652,17
653,0
654,0
655,8
656,0
657,8
658,0
659,0
660,0
661,8
662,0
663,0
664,17
665,0
666,6
667,0
668,0
669,6
670,8
671,0
672,0
673,0
674,0
675,6
676,0
677,0
678,5
679,0
680,0
681,0
682,0
683,0
684,0
685,6
686,0
687,0
688,0
689,0
690,0
691,0
692,0
693,0
694,0
695,0
696,0
697,8
698,0
699,2
700,0
701,8
702,0
703,0
704,0
705,0
706,8
707,0
708,36
709,0
710,0
711,0
712,0
713,0
714,5
715,0
716,0
717,11
718,7
719,0
720,0
721,0
722,0
723,0
724,0
725,36
726,35
727,0
728,0
729,0
730,6
731,2
732,0
733,0
734,0
735,0
736,0
737,0
738,0
739,0
740,0
741,0
742,0
743,0
744,8
745,0
746,6
747,15
748,8
749,36
750,0
751,0
752,0
753,0
754,8
755,0
756,0
757,0
758,0
759,0
760,0
761,0
762,0
763,0
764,0
765,0
766,3
767,8
768,6
769,23
770,0
771,0
772,0
773,0
774,0
775,0
776,0
777,8
778,0
779,0
780,25
781,0
782,0
783,0
784,0
785,0
786,0
787,0
788,0
789,0
790,0
791,0
792,0
793,2
794,7
795,8
796,0
797,0
798,0
799,6
800,11
801,0
802,0
803,23
804,0
805,0
806,8
807,0
808,0
809,8
810,0
811,0
812,0
813,0
814,8
815,0
816,0
817,0
818,0
819,0
820,0
821,6
822,0
823,0
824,0
825,3
826,3
827,6
828,0
829,0
830,8
831,0
832,3
833,0
834,11
835,0
836,0
837,0
838,0
839,0
840,1
841,1
842,0
843,6
844,0
845,0
846,0
847,36
848,0
849,32
850,0
851,0
852,0
853,19
854,0
855,3
856,8
857,0
858,0
859,0
860,0
861,0
862,0
863,0
864,10
865,0
866,0
867,0
868,0
869,0
870,29
871,0
872,0
873,0
874,0
875,0
876,10
877,35
878,0
879,0
880,6
881,0
882,0
883,8
884,1
885,19
886,0
887,0
888,0
889,0
890,0
891,0
892,0
893,0
894,0
895,0
896,0
897,0
898,8
899,0
900,0
901,0
902,0
903,28
904,6
905,0
906,0
907,0
908,0
909,0
910,9
911,0
912,0
913,0
914,0
915,6
916,0
917,12
918,0
919,8
920,0
921,0
922,0
923,0
924,0
925,0
926,0
927,0
928,0
929,0
930,0
931,0
932,0
933,2
934,0
935,6
936,0
937,0
938,0
939,0
940,17
941,6
942,0
943,0
944,0
945,0
946,0
947,0
948,0
949,0
950,0
951,0
952,0
953,0
954,0
955,0
956,0
957,0
958,0
959,0
960,0
961,7
962,0
963,0
964,0
965,0
966,0
967,7
968,0
969,0
970,0
971,0
972,3
973,0
974,0
975,8
976,0
977,7
978,0
979,0
980,0
981,0
982,0
983,2
984,22
985,3
986,2
987,6
988,11
989,0
990,0
991,1
992,33
993,0
994,12
995,0
996,0
997,1
998,0
999,0
1000,10
1001,0
1002,24
1003,0
1004,2
1005,2
1006,3
1007,2
1008,28
1009,0
1010,0
1011,0
1012,0
1013,8
1014,5
1015,5
1016,8
1017,0
1018,8
1019,0
1020,0
1021,14
1022,13
1023,4
1024,0
1025,19
1026,4
1027,22
1028,0
1029,5
1030,8
1031,21
1032,24
1033,0
1034,1
1035,3
1036,2
1037,0
1038,0
1039,0
1040,0
1041,15
1042,5
1043,0
1044,0
1045,4
1046,13
1047,3
1048,18
1049,9
1050,8
1051,0
1052,0
1053,0
1054,6
1055,14
1056,0
1057,22
1058,1
1059,7
1060,1
1061,15
1062,2
1063,0
1064,0
1065,9
1066,0
1067,0
1068,0
1069,0
1070,20
1071,10
1072,0
1073,7
1074,9
1075,0
1076,1
1077,0
1078,0
1079,0
1080,18
1081,7
1082,28
1083,0
1084,0
1085,0
1086,0
1087,18
1088,14
1089,0
1090,0
1091,4
1092,14
1093,0
1094,0
1095,14
1096,5
1097,5
1098,5
1099,0
1100,6
1101,0
1102,0
1103,0
1104,0
1105,6
1106,36
1107,0
1108,2
1109,7
1110,4
1111,5
1112,7
1113,0
1114,0
1115,34
1116,10
1117,0
1118,0
1119,0
1120,0
1121,0
1122,0
1123,0
1124,35
1125,0
1126,5
1127,0
1128,5
1129,0
1130,0
1131,8
1132,0
1133,0
1134,5
1135,5
1136,0
1137,0
1138,0
1139,6
1140,0
1141,0
1142,5
1143,0
1144,4
1145,3
1146,29
1147,6
1148,2
1149,0
1150,0
1151,0
1152,0
1153,0
1154,0
1155,0
1156,0
1157,0
1158,0
1159,0
1160,5
1161,0
1162,0
1163,0
1164,0
1165,0
1166,0
1167,0
1168,0
1169,0
1170,0
1171,0
1172,6
1173,0
1174,0
1175,13
1176,0
1177,0
1178,0
1179,0
1180,0
1181,0
1182,0
1183,0
1184,22
1185,0
1186,0
1187,0
1188,0
1189,0
1190,0
1191,0
1192,0
1193,17
1194,0
1195,0
1196,0
1197,0
1198,0
1199,0
1200,14
1201,0
1202,0
1203,22
1204,22
1205,0
1206,1
1207,0
1208,0
1209,0
1210,0
1211,0
1212,0
1213,16
1214,30
1215,2
1216,0
1217,3
1218,3
1219,9
1220,1
1221,3
1222,16
1223,0
1224,3
1225,14
1226,32
1227,0
1228,9
1229,9
1230,25
1231,18
1232,0
1233,0
1234,0
1235,0
1236,0
1237,2
1238,10
1239,0
1240,0
1241,0
1242,14
1243,14
1244,7
1245,0
1246,4
1247,0
1248,7
1249,11
1250,6
1251,3
1252,1
1253,18
1254,27
1255,0
1256,9
1257,0
1258,0
1259,0
1260,33
1261,0
1262,6
1263,0
1264,0
1265,12
1266,10
1267,0
1268,2
1269,7
1270,0
1271,24
1272,0
1273,0
1274,16
1275,1
1276,8
1277,0
1278,10
1279,2
1280,0
1281,5
1282,9
1283,4
1284,0
1285,7
1286,0
1287,3
1288,4
1289,0
1290,0
1291,0
1292,0
1293,0
1294,0
1295,24
1296,5
1297,12
1298,24
1299,19
1300,0
1301,7
1302,7
1303,7
1304,0
1305,0
1306,0
1307,0
1308,0
1309,0
1310,8
1311,3
1312,1
1313,13
1314,13
1315,1
1316,1
1317,0
1318,1
1319,0
1320,0
1321,0
1322,0
1323,1
1324,0
1325,2
1326,0
1327,0
1328,9
1329,3
1330,0
1331,13
1332,0
1333,10
1334,0
1335,1
1336,0
1337,3
1338,0
1339,0
1340,0
1341,3
1342,0
1343,5
1344,4
1345,1
1346,0
1347,0
1348,0
1349,10
1350,6
1351,13
1352,0
1353,0
1354,8
1355,2
1356,29
1357,0
1358,0
1359,2
1360,22
1361,12
1362,0
1363,1
1364,0
1365,0
1366,9
1367,14
1368,0
1369,0
1370,0
1371,0
1372,0
1373,21
1374,22
1375,0
1376,0
1377,6
1378,22
1379,21
1380,3
1381,0
1382,0
1383,2
1384,2
1385,0
1386,0
1387,4
1388,7
1389,0
1390,17
1391,17
1392,0
1393,0
1394,0
1395,0
1396,0
1397,0
1398,0
1399,0
1400,25
1401,8
1402,0
1403,2
1404,2
1405,4
1406,2
1407,2
1408,0
1409,19
1410,0
1411,0
1412,35
1413,0
1414,0
1415,23
1416,0
1417,11
1418,0
1419,5
1420,0
1421,2
1422,0
1423,5
1424,9
1425,1
1426,6
1427,1
1428,0
1429,2
1430,0
1431,3
1432,0
1433,0
1434,36
1435,17
1436,12
1437,4
1438,0
1439,0
1440,7
1441,0
1442,0
1443,0
1444,4
1445,0
1446,3
1447,13
1448,0
1449,1
1450,0
1451,0
1452,0
1453,9
1454,4
1455,3
1456,35
1457,2
1458,7
1459,0
1460,0
1461,1
1462,0
1463,4
1464,9
1465,17
1466,0
1467,0
1468,0
1469,7
1470,0
1471,11
1472,0
1473,0
1474,2
1475,18
1476,0
1477,0
1478,7
1479,2
1480,0
1481,3
1482,0
1483,0
1484,0
1485,36
1486,0
1487,0
1488,0
1489,2
1490,0
1491,0
1492,0
1493,0
1494,3
1495,0
1496,31
1497,0
1498,4
1499,4
1500,0
1501,11
1502,5
1503,0
1504,26
1505,2
1506,0
1507,0
1508,8
1509,0
1510,0
1511,2
1512,0
1513,0
1514,8
1515,13
1516,7
1517,0
1518,0
1519,11
1520,9
1521,2
1522,0
1523,0
1524,11
1525,32
1526,0
1527,10
1528,0
1529,0
1530,13
1531,0
1532,0
1533,0
1534,0
1535,0
1536,0
1537,0
1538,0
1539,0
1540,0
1541,0
1542,0
1543,0
1544,4
1545,1
1546,35
1547,15
1548,0
1549,0
1550,0
1551,1
1552,1
1553,11
1554,20
1555,0
1556,13
1557,0
1558,2
1559,0
1560,0
1561,0
1562,0
1563,0
1564,0
1565,24
1566,0
1567,0
1568,15
1569,0
1570,0
1571,0
1572,2
1573,0
1574,3
1575,25
1576,3
1577,0
1578,0
1579,3
1580,0
1581,0
1582,17
1583,1
1584,0
1585,0
1586,4
1587,0
1588,4
1589,0
1590,0
1591,10
1592,0
1593,5
1594,0
1595,0
1596,4
1597,1
1598,4
1599,0
1600,0
1601,0
1602,4
1603,9
1604,0
1605,0
1606,1
1607,0
1608,0
1609,4
1610,0
1611,5
1612,4
1613,21
1614,0
1615,5
1616,0
1617,1
1618,0
1619,0
1620,0
1621,0
1622,0
1623,0
1624,2
1625,0
1626,0
1627,0
1628,6
1629,0
1630,0
1631,0
1632,9
1633,0
1634,0
1635,13
1636,0
1637,4
1638,13
1639,0
1640,10
1641,0
1642,15
1643,0
1644,0
1645,28
1646,0
1647,0
1648,4
1649,0
1650,4
1651,1
1652,18
1653,6
1654,3
1655,0
1656,0
1657,0
1658,0
1659,0
1660,0
1661,0
1662,0
1663,10
1664,0
1665,7
1666,10
1667,0
1668,36
1669,4
1670,33
1671,1
1672,6
1673,0
1674,0
1675,4
1676,6
1677,0
1678,0
1679,0
1680,0
1681,0
1682,3
1683,6
1684,3
1685,24
1686,10
1687,0
1688,13
1689,0
1690,32
1691,26
1692,5
1693,0
1694,0
1695,14
1696,22
1697,23
1698,0
1699,17
1700,8
1701,0
1702,0
1703,10
1704,0
1705,0
1706,23
1707,2
1708,36
1709,0
1710,0
1711,0
1712,0
1713,15
1714,0
1715,0
1716,0
1717,0
1718,0
1719,0
1720,0
1721,0
1722,0
1723,0
1724,6
1725,0
1726,0
1727,0
1728,0
1729,0
1730,0
1731,6
1732,0
1733,8
1734,0
1735,0
1736,0
1737,15
1738,0
1739,1
1740,0
1741,2
1742,17
1743,17
1744,2
1745,0
1746,0
1747,1
1748,0
1749,0
1750,0
1751,0
1752,3
1753,0
1754,2
1755,7
1756,1
1757,31
1758,5
1759,0
1760,7
1761,16
1762,0
1763,0
1764,0
1765,0
1766,1
1767,11
1768,0
1769,29
1770,7
1771,0
1772,0
1773,6
1774,3
1775,24
1776,0
1777,1
1778,10
1779,33
1780,0
1781,17
1782,0
1783,12
1784,0
1785,0
1786,5
1787,4
1788,0
1789,9
1790,0
1791,0
1792,12
1793,0
1794,0
1795,7
1796,0
1797,11
1798,0
1799,8
1800,3
1801,0
1802,0
1803,31
1804,0
1805,0
1806,5
1807,2
1808,0
1809,0
1810,6
1811,27
1812,2
1813,0
1814,0
1815,7
1816,2
1817,0
1818,7
1819,0
1820,0
1821,0
1822,5
1823,2
1824,0
1825,33
1826,0
1827,17
1828,0
1829,0
1830,22
1831,7
1832,0
1833,11
1834,0
1835,3
1836,1
1837,9
1838,0
1839,11
1840,0
1841,3
1842,0
1843,0
1844,0
1845,0
1846,12
1847,0
1848,0
1849,2
1850,12
1851,0
1852,2
1853,3
1854,7
1855,0
1856,0
1857,0
1858,0
1859,0
1860,2
1861,0
1862,0
1863,1
1864,12
1865,4
1866,6
1867,7
1868,0
1869,0
1870,0
1871,0
1872,9
1873,0
1874,0
1875,3
1876,33
1877,5
1878,0
1879,0
1880,1
1881,2
1882,0
1883,2
1884,9
1885,0
1886,20
1887,0
1888,16
1889,0
1890,7
1891,29
1892,0
1893,0
1894,0
1895,7
1896,13
1897,0
1898,23
1899,13
1900,4
1901,0
1902,13
1903,33
1904,0
1905,0
1906,4
1907,0
1908,0
1909,0
1910,4
1911,0
1912,0
1913,0
1914,9
1915,3
1916,0
1917,9
1918,0
1919,1
1920,0
1921,4
1922,0
1923,0
1924,7
1925,5
1926,0
1927,13
1928,10
1929,0
1930,0
1931,0
1932,23
1933,6
1934,0
1935,2
1936,12
1937,0
1938,4
1939,18
1940,0
1941,0
1942,0
1943,0
1944,0
1945,0
1946,22
1947,0
1948,0
1949,4
1950,2
1951,26
1952,15
1953,11
1954,0
1955,6
1956,0
1957,0
1958,1
1959,12
1960,0
1961,0
1962,0
1963,0
1964,0
1965,1
1966,0
1967,0
1968,0
1969,0
1970,3
1971,36
1972,2
1973,16
1974,1
1975,0
1976,0
1977,0
1978,0
1979,13
1980,10
1981,0
1982,0
1983,4
1984,21
1985,2
1986,12
1987,2
1988,13
1989,16
1990,0
1991,7
1992,0
1993,4
1994,7
1995,0
1996,0
1997,0
1998,20
1999,4
2000,0
2001,3
2002,0
2003,0
2004,33
2005,0
2006,0
2007,0
2008,1
2009,0
2010,0
2011,4
2012,0
2013,1
2014,27
2015,15
2016,2
2017,0
2018,1
2019,3
2020,0
2021,0
2022,0
2023,10
2024,3
2025,7
2026,0
2027,0
2028,0
2029,0
2030,0
2031,9
2032,0
2033,0
2034,0
2035,8
2036,0
2037,12
2038,1
2039,1
2040,0
2041,12
2042,0
2043,2
2044,4
2045,0
2046,0
2047,2
2048,0
2049,0
2050,18
2051,0
2052,0
2053,0
2054,13
2055,0
2056,10
2057,0
2058,0
2059,10
2060,0
2061,14
2062,0
2063,1
2064,5
2065,14
2066,4
2067,10
2068,0
2069,2
2070,9
2071,0
2072,0
2073,24
2074,26
2075,35
2076,0
2077,0
2078,4
2079,30
2080,0
2081,0
2082,22
2083,3
2084,0
2085,2
2086,0
2087,0
2088,2
2089,0
2090,0
2091,0
2092,21
2093,5
2094,0
2095,0
2096,0
2097,27
2098,0
2099,11
2100,21
2101,0
2102,0
2103,18
2104,0
2105,0
2106,0
2107,0
2108,0
2109,9
2110,2
2111,0
2112,0
2113,0
2114,7
2115,28
2116,0
2117,2
2118,10
2119,0
2120,0
2121,0
2122,10
2123,0
2124,3
2125,0
2126,0
2127,8
2128,0
2129,0
2130,2
2131,0
2132,8
2133,32
2134,4
2135,0
2136,4
2137,1
2138,28
2139,3
2140,4
2141,10
2142,0
2143,8
2144,14
2145,11
2146,0
2147,2
2148,3
2149,0
2150,5
2151,36
2152,13
2153,0
2154,1
2155,0
2156,22
2157,0
2158,1
2159,6
2160,0
2161,0
2162,15
2163,9
2164,0
2165,2
2166,32
2167,0
2168,0
2169,12
2170,10
2171,27
2172,0
2173,0
2174,1
2175,0
2176,9
2177,19
2178,0
2179,3
2180,0
2181,24
2182,0
2183,9
2184,0
2185,0
2186,9
2187,0
2188,0
2189,0
2190,9
2191,0
2192,10
2193,16
2194,0
2195,0
2196,0
2197,0
2198,0
2199,0
2200,0
2201,8
2202,0
2203,13
2204,15
2205,0
2206,5
2207,0
2208,0
2209,0
2210,8
2211,24
2212,0
2213,35
2214,0
2215,9
2216,0
2217,0
2218,0
2219,0
2220,10
2221,5
2222,0
2223,0
2224,0
2225,0
2226,1
2227,0
2228,4
2229,0
2230,0
2231,33
2232,6
2233,5
2234,0
2235,19
2236,0
2237,0
2238,0
2239,26
2240,2
2241,2
2242,0
2243,0
2244,3
2245,0
2246,0
2247,0
2248,20
2249,1
2250,0
2251,0
2252,6
2253,22
2254,0
2255,1
2256,4
2257,0
2258,2
2259,0
2260,7
2261,17
2262,0
2263,0
2264,4
2265,0
2266,0
2267,0
2268,0
2269,8
2270,6
2271,8
2272,0
2273,3
2274,8
2275,6
2276,0
2277,27
2278,0
2279,0
2280,6
2281,0
2282,10
2283,0
2284,0
2285,0
2286,0
2287,0
2288,0
2289,0
2290,0
2291,0
2292,0
2293,0
2294,0
2295,0
2296,0
2297,0
2298,0
2299,0
2300,0
2301,0
2302,0
2303,0
2304,10
2305,0
2306,0
2307,0
2308,0
2309,0
2310,6
2311,0
2312,0
2313,0
2314,0
2315,16
2316,23
2317,24
2318,0
2319,21
2320,0
2321,0
2322,0
2323,9
2324,0
2325,13
2326,0
2327,0
2328,0
2329,25
2330,0
2331,3
2332,0
2333,0
2334,0
2335,0
2336,0
2337,0
2338,0
2339,14
2340,22
2341,2
2342,0
2343,2
2344,0
2345,0
2346,2
2347,0
2348,18
2349,0
2350,0
2351,0
2352,0
2353,21
2354,0
2355,0
2356,0
2357,4
2358,1
2359,7
2360,0
2361,0
2362,3
2363,30
2364,0
2365,5
2366,0
2367,0
2368,0
2369,30
2370,0
2371,0
2372,0
2373,0
2374,0
2375,33
2376,2
2377,10
2378,0
2379,9
2380,1
2381,24
2382,0
2383,0
2384,5
2385,13
2386,5
2387,0
2388,0
2389,0
2390,0
2391,6
2392,2
2393,0
2394,0
2395,13
2396,3
2397,10
2398,0
2399,10
2400,16
2401,0
2402,2
2403,0
2404,11
2405,0
2406,0
2407,0
2408,18
2409,3
2410,36
2411,10
2412,0
2413,2
2414,4
2415,17
2416,0
2417,0
2418,0
2419,7
2420,3
2421,0
2422,4
2423,3
2424,0
2425,15
2426,0
2427,28
2428,0
2429,0
2430,6
2431,2
2432,2
2433,0
2434,0
2435,2
2436,14
2437,0
2438,4
2439,33
2440,6
2441,1
2442,0
2443,3
2444,16
2445,4
2446,3
2447,4
2448,0
2449,27
2450,2
2451,2
2452,24
2453,0
2454,3
2455,5
2456,3
2457,3
2458,0
2459,0
2460,0
2461,0
2462,0
2463,0
2464,0
2465,1
2466,1
2467,5
2468,0
2469,32
2470,0
2471,0
2472,0
2473,28
2474,0
2475,0
2476,0
2477,0
2478,1
2479,1
2480,4
2481,1
2482,5
2483,0
2484,10
2485,6
2486,3
2487,0
2488,1
2489,10
2490,0
2491,3
2492,2
2493,0
2494,2
2495,2
2496,14
2497,0
2498,11
2499,1
2500,17
2501,0
2502,0
2503,0
2504,2
2505,0
2506,0
2507,0
2508,0
2509,0
2510,0
2511,2
2512,14
2513,0
2514,7
2515,0
2516,0
2517,0
2518,0
2519,0
2520,1
2521,0
2522,0
2523,0
2524,11
2525,4
2526,0
2527,0
2528,3
2529,0
2530,4
2531,0
2532,0
2533,0
2534,0
2535,7
2536,9
2537,2
2538,0
2539,1
2540,0
2541,0
2542,0
2543,0
2544,0
2545,0
2546,0
2547,0
2548,0
2549,2
2550,0
2551,2
2552,5
2553,10
2554,0
2555,2
2556,28
2557,3
2558,14
2559,10
2560,0
2561,7
2562,0
2563,0
2564,0
2565,0
2566,0
2567,0
2568,0
2569,0
2570,6
2571,0
2572,35
2573,0
2574,0
2575,0
2576,0
2577,14
2578,16
2579,29
2580,11
2581,10
2582,0
2583,0
2584,23
2585,10
2586,2
2587,0
2588,0
2589,0
2590,0
2591,3
2592,0
2593,2
2594,0
2595,0
2596,0
2597,0
2598,0
2599,0
2600,16
2601,6
2602,24
2603,0
2604,0
2605,0
2606,7
2607,0
2608,1
2609,19
2610,0
2611,0
2612,1
2613,0
2614,2
2615,3
2616,0
2617,0
2618,0
2619,0
2620,0
2621,0
2622,7
2623,0
2624,7
2625,7
2626,3
2627,1
2628,11
2629,11
2630,0
2631,0
2632,1
2633,0
2634,0
2635,0
2636,0
2637,3
2638,13
2639,13
2640,0
2641,0
2642,0
2643,2
2644,0
2645,13
2646,1
2647,11
2648,1
2649,2
2650,0
2651,0
2652,16
2653,0
2654,0
2655,0
2656,0
2657,0
2658,0
2659,2
2660,1
2661,3
2662,5
2663,14
2664,4
2665,13
2666,0
2667,0
2668,0
2669,0
2670,15
2671,1
2672,3
2673,3
2674,0
2675,0
2676,0
2677,2
2678,4
2679,17
2680,0
2681,0
2682,0
2683,0
2684,3
2685,0
2686,0
2687,0
2688,0
2689,4
2690,5
2691,27
2692,5
2693,27
2694,12
2695,0
2696,1
2697,13
2698,3
2699,0
2700,1
2701,2
2702,0
2703,3
2704,7
2705,14
2706,0
2707,0
2708,0
2709,3
2710,0
2711,12
2712,0
2713,0
2714,0
2715,2
2716,0
2717,14
2718,0
2719,0
2720,5
2721,0
2722,5
2723,18
2724,17
2725,14
2726,0
2727,0
2728,1
2729,13
2730,0
2731,0
2732,3
2733,10
2734,3
2735,0
2736,11
2737,0
2738,0
2739,2
2740,0
2741,0
2742,16
2743,0
2744,2
2745,0
2746,5
2747,33
2748,7
2749,0
2750,4
2751,4
2752,0
2753,0
2754,6
2755,0
2756,0
2757,2
2758,0
2759,5
2760,0
2761,0
2762,0
2763,0
2764,0
2765,0
2766,0
2767,0
2768,0
2769,0
2770,27
2771,2
2772,0
2773,4
2774,2
2775,17
2776,4
2777,0
2778,0
2779,0
2780,2
2781,0
2782,1
2783,4
2784,32
2785,5
2786,0
2787,25
2788,0
2789,5
2790,7
2791,0
2792,0
2793,0
2794,0
2795,0
2796,8
2797,0
2798,0
2799,6
2800,0
2801,0
2802,0
2803,8
2804,0
2805,0
2806,0
2807,0
2808,0
2809,24
2810,0
2811,0
2812,0
2813,0
2814,0
2815,0
2816,0
2817,0
2818,23
2819,0
2820,0
2821,23
2822,0
2823,0
2824,0
2825,0
2826,0
2827,0
2828,7
2829,10
2830,0
2831,3
2832,0
2833,16
2834,0
2835,0
2836,7
2837,0
2838,18
2839,12
2840,0
2841,14
2842,0
2843,5
2844,0
2845,0
2846,4
2847,0
2848,0
2849,17
2850,2
2851,0
2852,0
2853,9
2854,0
2855,0
2856,6
2857,0
2858,0
2859,7
2860,14
2861,7
2862,28
2863,4
2864,0
2865,13
2866,9
2867,12
2868,0
2869,0
2870,33
2871,5
2872,0
2873,0
2874,18
2875,1
2876,33
2877,0
2878,0
2879,8
2880,0
2881,0
2882,4
2883,29
2884,11
2885,0
2886,0
2887,0
2888,7
2889,0
2890,0
2891,0
2892,0
2893,4
2894,17
2895,4
2896,0
2897,2
2898,0
2899,0
2900,5
2901,0
2902,9
2903,9
2904,16
2905,0
2906,11
2907,15
2908,18
2909,0
2910,14
2911,32
2912,0
2913,0
2914,0
2915,0
2916,8
2917,0
2918,0
2919,0
2920,3
2921,0
2922,18
2923,0
2924,0
2925,15
2926,0
2927,5
2928,3
2929,2
2930,0
2931,0
2932,0
2933,0
2934,13
2935,9
2936,0
2937,0
2938,0
2939,0
2940,6
2941,5
2942,0
2943,5
2944,4
2945,2
2946,16
2947,0
2948,4
2949,0
2950,19
2951,0
2952,0
2953,0
2954,2
2955,0
2956,0
2957,0
2958,0
2959,2
2960,17
2961,0
2962,5
2963,2
2964,11
2965,0
2966,13
2967,14
2968,0
2969,0
2970,7
2971,0
2972,0
2973,17
2974,25
2975,7
2976,2
2977,0
2978,0
2979,3
2980,0
2981,16
2982,9
2983,0
2984,0
2985,0
2986,0
2987,23
2988,0
2989,8
2990,0
2991,0
2992,10
2993,1
2994,2
2995,17
2996,10
2997,0
2998,7
2999,0
3000,3
3001,4
3002,6
3003,2
3004,0
3005,0
3006,0
3007,1
3008,0
3009,10
3010,1
3011,2
3012,0
3013,0
3014,0
3015,0
3016,0
3017,27
3018,0
3019,0
3020,0
3021,0
3022,0
3023,5
3024,4
3025,0
3026,0
3027,33
3028,13
3029,0
3030,25
3031,0
3032,5
3033,0
3034,1
3035,0
3036,10
3037,0
3038,1
3039,7
3040,0
3041,0
3042,0
3043,0
3044,0
3045,10
3046,7
3047,5
3048,0
3049,0
3050,0
3051,0
3052,0
3053,0
3054,0
3055,9
3056,6
3057,7
3058,2
3059,16
3060,1
3061,1
3062,2
3063,5
3064,11
3065,3
3066,13
3067,0
3068,0
3069,1
3070,0
3071,1
3072,35
3073,4
3074,1
3075,7
3076,3
3077,11
3078,0
3079,0
3080,0
3081,7
3082,0
3083,10
3084,10
3085,0
3086,5
3087,0
3088,0
3089,0
3090,0
3091,7
3092,24
3093,13
3094,0
3095,0
3096,0
3097,12
3098,0
3099,0
3100,0
3101,13
3102,0
3103,14
3104,0
3105,2
3106,0
3107,0
3108,0
3109,7
3110,13
3111,2
3112,0
3113,0
3114,0
3115,0
3116,33
3117,0
3118,0
3119,0
3120,0
3121,0
3122,0
3123,0
3124,0
3125,9
3126,3
3127,0
3128,1
3129,0
3130,0
3131,0
3132,0
3133,13
3134,4
3135,7
3136,9
3137,29
3138,0
3139,0
3140,0
3141,0
3142,7
3143,0
3144,1
3145,0
3146,36
3147,13
3148,5
3149,1
3150,5
3151,1
3152,20
3153,0
3154,9
3155,0
3156,4
3157,0
3158,15
3159,0
3160,0
3161,0
3162,0
3163,16
3164,5
3165,0
3166,33
3167,0
3168,31
3169,0
3170,0
3171,0
3172,5
3173,0
3174,33
3175,0
3176,0
3177,0
3178,0
3179,0
3180,3
3181,1
3182,0
3183,0
3184,1
3185,0
3186,5
3187,1
3188,3
3189,0
3190,5
3191,0
3192,13
3193,0
3194,0
3195,1
3196,5
3197,1
3198,0
3199,2
3200,0
3201,3
3202,2
3203,15
3204,1
3205,0
3206,8
3207,1
3208,0
3209,0
3210,26
3211,0
3212,0
3213,3
3214,1
3215,1
3216,16
3217,0
3218,16
3219,0
3220,0
3221,0
3222,0
3223,0
3224,15
3225,1
3226,0
3227,5
3228,12
3229,19
3230,0
3231,5
3232,2
3233,13
3234,7
3235,0
3236,0
3237,0
3238,0
3239,6
3240,23
3241,11
3242,4
3243,10
3244,0
3245,28
3246,0
3247,3
3248,0
3249,0
3250,0
3251,0
3252,4
3253,7
3254,0
3255,0
3256,1
3257,0
3258,36
3259,7
3260,0
3261,7
3262,0
3263,11
3264,5
3265,0
3266,0
3267,0
3268,23
3269,0
3270,27
3271,3
3272,1
3273,29
3274,6
3275,5
3276,5
3277,0
3278,4
3279,7
3280,0
3281,0
3282,9
3283,7
3284,0
3285,25
3286,0
3287,0
3288,0
3289,0
3290,1
3291,13
3292,0
3293,0
3294,0
3295,0
3296,0
3297,0
3298,0
3299,4
3300,0
3301,5
3302,0
3303,2
3304,7
3305,12
3306,3
3307,0
3308,0
3309,2
3310,0
3311,9
3312,0
3313,0
3314,0
3315,0
3316,15
3317,0
3318,1
3319,0
3320,13
3321,9
3322,13
3323,8
3324,20
3325,0
3326,10
3327,3
3328,21
3329,1
3330,31
3331,3
3332,0
3333,6
3334,0
3335,6
3336,0
3337,0
3338,1
3339,16
3340,22
3341,0
3342,0
3343,6
3344,24
3345,0
3346,0
3347,0
3348,0
3349,0
3350,0
3351,10
3352,1
3353,0
3354,8
3355,0
3356,11
3357,0
3358,4
3359,0
3360,0
3361,0
3362,0
3363,0
3364,0
3365,0
3366,14
3367,7
3368,0
3369,2
3370,5
3371,5
3372,1
3373,7
3374,16
3375,4
3376,0
3377,0
3378,4
3379,1
3380,4
3381,6
3382,0
3383,7
3384,15
3385,8
3386,0
3387,1
3388,5
3389,0
3390,0
3391,0
3392,36
3393,0
3394,0
3395,0
3396,27
3397,0
3398,0
3399,0
3400,0
3401,1
3402,0
3403,1
3404,0
3405,0
3406,13
3407,0
3408,9
3409,0
3410,0
3411,0
3412,8
3413,21
3414,0
3415,0
3416,8
3417,0
3418,18
3419,0
3420,0
3421,0
3422,1
3423,0
3424,13
3425,27
3426,0
3427,5
3428,4
3429,0
3430,0
3431,0
3432,0
3433,0
3434,6
3435,8
3436,8
3437,10
3438,0
3439,0
3440,0
3441,0
3442,6
3443,0
3444,0
3445,0
3446,0
3447,0
3448,0
3449,0
3450,0
3451,6
3452,0
3453,0
3454,36
3455,0
3456,0
3457,0
3458,8
3459,0
3460,26
3461,0
3462,1
3463,0
3464,0
3465,6
3466,0
3467,7
3468,0
3469,0
3470,0
3471,8
3472,0
3473,0
3474,0
3475,0
3476,0
3477,0
3478,0
3479,0
3480,0
3481,0
3482,0
3483,0
3484,0
3485,8
3486,0
3487,0
3488,0
3489,0
3490,0
3491,0
3492,0
3493,0
3494,0
3495,10
3496,0
3497,0
3498,8
3499,11
3500,0
3501,0
3502,4
3503,0
3504,0
3505,3
3506,0
3507,3
3508,0
3509,0
3510,5
3511,1
3512,12
3513,10
3514,1
3515,12
3516,10
3517,12
3518,27
3519,4
3520,2
3521,7
3522,11
3523,0
3524,6
3525,0
3526,15
3527,0
3528,0
3529,6
3530,33
3531,14
3532,20
3533,0
3534,0
3535,4
3536,0
3537,0
3538,0
3539,7
3540,18
3541,0
3542,0
3543,0
3544,0
3545,0
3546,0
3547,0
3548,0
3549,0
3550,0
3551,10
3552,14
3553,9
3554,0
3555,20
3556,0
3557,2
3558,0
3559,0
3560,0
3561,0
3562,2
3563,10
3564,0
3565,13
3566,0
3567,0
3568,0
3569,0
3570,0
3571,0
3572,13
3573,29
3574,0
3575,6
3576,0
3577,0
3578,0
3579,0
3580,0
3581,8
3582,0
3583,0
3584,0
3585,0
3586,0
3587,3
3588,0
3589,1
3590,8
3591,0
3592,6
3593,0
3594,1
3595,0
3596,32
3597,2
3598,0
3599,0
3600,1
3601,2
3602,0
3603,13
3604,2
3605,1
3606,0
3607,0
3608,7
3609,0
3610,7
3611,0
3612,10
3613,10
3614,8
3615,0
3616,0
3617,0
3618,0
3619,0
3620,0
3621,3
3622,0
3623,0
3624,27
3625,0
3626,2
3627,0
3628,0
3629,1
3630,6
3631,1
3632,10
3633,13
3634,0
3635,29
3636,1
3637,0
3638,2
3639,0
3640,0
3641,0
3642,2
3643,0
3644,29
3645,0
3646,2
3647,0
3648,0
3649,13
3650,1
3651,10
3652,0
3653,7
3654,0
3655,0
3656,0
3657,0
3658,13
3659,4
3660,0
3661,3
3662,20
3663,0
3664,20
3665,0
3666,7
3667,0
3668,10
3669,0
3670,4
3671,0
3672,9
3673,1
3674,7
3675,1
3676,13
3677,0
3678,30
3679,0
3680,0
3681,0
3682,13
3683,13
3684,0
3685,2
3686,0
3687,22
3688,15
3689,3
3690,27
3691,7
3692,4
3693,5
3694,10
3695,1
3696,1
3697,0
3698,10
3699,7
3700,1
3701,0
3702,0
3703,5
3704,28
3705,2
3706,0
3707,0
3708,0
3709,3
3710,13
3711,10
3712,0
3713,27
3714,2
3715,0
3716,10
3717,12
3718,17
3719,4
3720,18
3721,0
3722,9
3723,36
3724,0
3725,0
3726,0
3727,2
3728,0
3729,0
3730,0
3731,0
3732,4
3733,0
3734,0
3735,0
3736,4
3737,12
3738,0
3739,0
3740,0
3741,9
3742,0
3743,0
3744,15
3745,2
3746,13
3747,13
3748,11
3749,7
3750,0
3751,2
3752,0
3753,9
3754,0
3755,0
3756,5
3757,0
3758,10
3759,1
3760,12
3761,18
3762,0
3763,0
3764,14
3765,9
3766,26
3767,0
3768,10
3769,0
3770,0
3771,7
3772,9
3773,13
3774,2
3775,13
3776,33
3777,0
3778,0
3779,0
3780,4
3781,0
3782,0
3783,0
3784,0
3785,0
3786,0
3787,12
3788,0
3789,7
3790,0
3791,23
3792,3
3793,0
3794,1
3795,4
3796,0
3797,7
3798,12
3799,35
3800,6
3801,7
3802,0
3803,2
3804,0
3805,7
3806,0
3807,1
3808,7
3809,0
3810,9
3811,0
3812,22
3813,2
3814,0
3815,3
3816,1
3817,1
3818,0
3819,5
3820,20
3821,2
3822,7
3823,19
3824,6
3825,0
3826,0
3827,0
3828,0
3829,1
3830,1
3831,13
3832,0
3833,0
3834,0
3835,19
3836,19
3837,0
3838,5
3839,5
3840,1
3841,0
3842,29
3843,0
3844,11
3845,0
3846,2
3847,14
3848,8
3849,16
3850,0
3851,0
3852,5
3853,0
3854,0
3855,15
3856,0
3857,0
3858,2
3859,0
3860,0
3861,0
3862,14
3863,7
3864,3
3865,1
3866,0
3867,0
3868,5
3869,20
3870,0
3871,1
3872,1
3873,0
3874,0
3875,0
3876,0
3877,8
3878,3
3879,30
3880,5
3881,0
3882,3
3883,3
3884,0
3885,0
3886,2
3887,0
3888,0
3889,0
3890,0
3891,2
3892,0
3893,3
3894,0
3895,0
3896,0
3897,0
3898,0
3899,8
3900,0
3901,3
3902,0
3903,0
3904,7
3905,0
3906,9
3907,0
3908,0
3909,0
3910,3
3911,8
3912,0
3913,13
3914,6
3915,0
3916,1
3917,6
3918,13
3919,0
3920,12
3921,0
3922,1
3923,0
3924,0
3925,0
3926,0
3927,11
3928,0
3929,3
3930,4
3931,2
3932,4
3933,0
3934,0
3935,1
3936,0
3937,1
3938,19
3939,5
3940,8
3941,4
3942,0
3943,0
3944,4
3945,0
3946,0
3947,0
3948,0
3949,11
3950,0
3951,1
3952,0
3953,1
3954,0
3955,10
3956,21
3957,0
3958,8
3959,0
3960,0
3961,3
3962,18
3963,4
3964,4
3965,4
3966,0
3967,7
3968,20
3969,0
3970,0
3971,3
3972,0
3973,0
3974,6
3975,0
3976,0
3977,12
3978,11
3979,0
3980,16
3981,2
3982,0
3983,28
3984,5
3985,13
3986,30
3987,4
3988,3
3989,3
3990,2
3991,0
3992,2
3993,3
3994,0
3995,0
3996,0
3997,0
3998,0
3999,19
4000,0
4001,2
4002,6
4003,0
4004,0
4005,0
4006,7
4007,8
4008,1
4009,0
4010,11
4011,0
4012,18
4013,6
4014,0
4015,4
4016,0
4017,5
4018,6
4019,1
4020,5
4021,22
4022,0
4023,18
4024,5
4025,10
4026,0
4027,7
4028,8
4029,0
4030,0
4031,2
4032,0
4033,20
4034,13
4035,1
4036,0
4037,14
4038,0
4039,0
4040,0
4041,0
4042,0
4043,14
4044,3
4045,0
4046,0
4047,4
4048,0
4049,0
4050,0
4051,2
4052,0
4053,31
4054,0
4055,0
4056,0
4057,9
4058,22
4059,1
4060,5
4061,0
4062,4
4063,0
4064,0
4065,1
4066,6
4067,0
4068,0
4069,0
4070,8
4071,36
4072,5
4073,0
4074,0
4075,0
4076,0
4077,6
4078,0
4079,8
4080,9
4081,0
4082,0
4083,0
4084,0
4085,0
4086,8
4087,8
4088,8
4089,0
4090,0
4091,2
4092,0
4093,0
4094,0
4095,0
4096,8
4097,0
4098,3
4099,0
4100,8
4101,0
4102,0
4103,0
4104,0
4105,8
4106,0
4107,0
4108,0
4109,0
4110,0
4111,0
4112,0
4113,0
4114,0
4115,3
4116,0
4117,0
4118,0
4119,0
4120,0
4121,0
4122,0
4123,0
4124,0
4125,4
4126,2
4127,20
4128,0
4129,1
4130,12
4131,0
4132,1
4133,18
4134,33
4135,17
4136,0
4137,0
4138,0
4139,0
4140,5
4141,6
4142,15
4143,2
4144,4
4145,0
4146,0
4147,10
4148,0
4149,0
4150,0
4151,0
4152,0
4153,0
4154,9
4155,32
4156,19
4157,0
4158,0
4159,3
4160,5
4161,0
4162,0
4163,0
4164,0
4165,0
4166,11
4167,0
4168,3
4169,10
4170,0
4171,0
4172,2
4173,0
4174,5
4175,5
4176,0
4177,6
4178,4
4179,22
4180,33
4181,8
4182,0
4183,0
4184,0
4185,0
4186,3
4187,17
4188,9
4189,0
4190,6
4191,4
4192,2
4193,15
4194,0
4195,9
4196,0
4197,0
4198,16
4199,24
4200,23
4201,7
4202,25
4203,0
4204,0
4205,3
4206,35
4207,0
4208,0
4209,2
4210,1
4211,0
4212,0
4213,0
4214,0
4215,2
4216,1
4217,0
4218,0
4219,0
4220,0
4221,13
4222,0
4223,1
4224,2
4225,2
4226,0
4227,0
4228,0
4229,1
4230,0
4231,1
4232,27
4233,0
4234,24
4235,0
4236,0
4237,18
4238,0
4239,25
4240,13
4241,1
4242,1
4243,3
4244,0
4245,0
4246,1
4247,0
4248,0
4249,0
4250,19
4251,0
4252,4
4253,28
4254,1
4255,0
4256,0
4257,0
4258,0
4259,3
4260,4
4261,0
4262,0
4263,2
4264,3
4265,2
4266,2
4267,0
4268,0
4269,0
4270,0
4271,0
4272,0
4273,0
4274,0
4275,0
4276,13
4277,0
4278,0
4279,0
4280,0
4281,0
4282,0
4283,1
4284,33
4285,0
4286,3
4287,33
4288,7
4289,18
4290,0
4291,5
4292,0
4293,0
4294,0
4295,0
4296,28
4297,0
4298,11
4299,0
4300,0
4301,3
4302,0
4303,0
4304,0
4305,2
4306,7
4307,6
4308,0
4309,0
4310,0
4311,13
4312,0
4313,10
4314,0
4315,3
4316,4
4317,9
4318,10
4319,0
4320,5
4321,1
4322,3
4323,22
4324,0
4325,6
4326,0
4327,0
4328,12
4329,9
4330,5
4331,18
4332,0
4333,0
4334,6
4335,0
4336,0
4337,5
4338,10
4339,0
4340,0
4341,10
4342,3
4343,0
4344,10
4345,2
4346,0
4347,0
4348,6
4349,5
4350,34
4351,0
4352,0
4353,0
4354,0
4355,1
4356,0
4357,0
4358,1
4359,0
4360,0
4361,0
4362,33
4363,2
4364,0
4365,0
4366,1
4367,0
4368,0
4369,4
4370,0
4371,0
4372,0
4373,11
4374,0
4375,0
4376,1
4377,10
4378,2
4379,0
4380,0
4381,1
4382,0
4383,0
4384,9
4385,2
4386,10
4387,0
4388,14
4389,15
4390,0
4391,0
4392,16
4393,2
4394,9
4395,17
4396,7
4397,0
4398,0
4399,3
4400,6
4401,0
4402,0
4403,0
4404,0
4405,0
4406,0
4407,0
4408,0
4409,24
4410,11
4411,8
4412,10
4413,0
4414,0
4415,1
4416,4
4417,0
4418,1
4419,7
4420,6
4421,0
4422,10
4423,2
4424,4
4425,11
4426,8
4427,0
4428,2
4429,0
4430,11
4431,7
4432,0
4433,0
4434,0
4435,16
4436,0
4437,0
4438,0
4439,0
4440,2
4441,0
4442,8
4443,0
4444,0
4445,0
4446,11
4447,0
4448,0
4449,0
4450,0
4451,2
4452,4
4453,2
4454,0
4455,0
4456,0
4457,0
4458,6
4459,5
4460,0
4461,0
4462,24
4463,7
4464,1
4465,14
4466,9
4467,6
4468,0
4469,0
4470,0
4471,0
4472,0
4473,2
4474,0
4475,1
4476,2
4477,2
4478,2
4479,0
4480,0
4481,11
4482,9
4483,5
4484,33
4485,2
4486,2
4487,11
4488,0
4489,0
4490,0
4491,1
4492,1
4493,0
4494,0
4495,0
4496,8
4497,10
4498,7
4499,0
4500,0
4501,8
4502,0
4503,13
4504,0
4505,2
4506,0
4507,0
4508,0
4509,0
4510,0
4511,0
4512,0
4513,0
4514,27
4515,10
4516,2
4517,2
4518,7
4519,0
4520,12
4521,3
4522,1
4523,0
4524,1
4525,0
4526,0
4527,4
4528,0
4529,23
4530,0
4531,1
4532,0
4533,3
4534,0
4535,12
4536,3
4537,3
4538,0
4539,0
4540,20
4541,0
4542,12
4543,0
4544,3
4545,0
4546,23
4547,10
4548,0
4549,1
4550,29
4551,0
4552,4
4553,0
4554,0
4555,0
4556,0
4557,0
4558,0
4559,0
4560,0
4561,36
4562,0
4563,3
4564,6
4565,8
4566,0
4567,0
4568,5
4569,0
4570,0
4571,0
4572,0
4573,0
4574,0
4575,13
4576,6
4577,0
4578,0
4579,4
4580,0
4581,0
4582,4
4583,0
4584,3
4585,21
4586,11
4587,1
4588,0
4589,0
4590,0
4591,0
4592,0
4593,3
4594,0
4595,0
4596,0
4597,6
4598,0
4599,11
4600,5
4601,8
4602,0
4603,5
4604,27
4605,15
4606,0
4607,36
4608,0
4609,0
4610,0
4611,1
4612,0
4613,8
4614,0
4615,10
4616,24
4617,10
4618,0
4619,0
4620,0
4621,13
4622,4
4623,11
4624,10
4625,0
4626,21
4627,1
4628,13
4629,0
4630,15
4631,0
4632,8
4633,0
4634,26
4635,9
4636,0
4637,0
4638,6
4639,18
4640,0
4641,3
4642,0
4643,0
4644,0
4645,0
4646,0
4647,15
4648,3
4649,2
4650,0
4651,2
4652,0
4653,0
4654,0
4655,8
4656,0
4657,13
4658,0
4659,2
4660,27
4661,0
4662,0
4663,0
4664,0
4665,14
4666,3
4667,0
4668,0
4669,0
4670,0
4671,0
4672,0
4673,10
4674,27
4675,0
4676,15
4677,0
4678,17
4679,0
4680,0
4681,36
4682,0
4683,7
4684,8
4685,0
4686,0
4687,0
4688,0
4689,0
4690,0
4691,6
4692,0
4693,0
4694,0
4695,0
4696,6
4697,0
4698,0
4699,0
4700,2
4701,0
4702,0
4703,7
4704,8
4705,0
4706,1
4707,0
4708,0
4709,6
4710,0
4711,0
4712,0
4713,0
4714,3
4715,0
4716,0
4717,0
4718,0
4719,0
4720,0
4721,0
4722,6
4723,0
4724,3
4725,0
4726,3
4727,33
4728,0
4729,0
4730,0
4731,0
4732,0
4733,0
4734,0
4735,2
4736,11
4737,0
4738,1
4739,0
4740,4
4741,0
4742,0
4743,0
4744,3
4745,2
4746,5
4747,28
4748,4
4749,0
4750,6
4751,1
4752,6
4753,0
4754,0
4755,0
4756,0
4757,9
4758,3
4759,5
4760,0
4761,14
4762,0
4763,0
4764,0
4765,8
4766,0
4767,22
4768,0
4769,0
4770,6
4771,0
4772,0
4773,6
4774,17
4775,14
4776,0
4777,0
4778,0
4779,0
4780,0
4781,0
4782,0
4783,13
4784,0
4785,0
4786,0
4787,0
4788,1
4789,0
4790,0
4791,15
4792,0
4793,0
4794,0
4795,0
4796,0
4797,2
4798,0
4799,10
4800,7
4801,0
4802,13
4803,0
4804,0
4805,3
4806,0
4807,0
4808,0
4809,0
4810,7
4811,0
4812,17
4813,25
4814,1
4815,13
4816,0
4817,7
4818,15
4819,3
4820,0
4821,0
4822,4
4823,0
4824,0
4825,0
4826,0
4827,10
4828,0
4829,0
4830,0
4831,0
4832,2
4833,0
4834,3
4835,0
4836,0
4837,4
4838,0
4839,0
4840,21
4841,6
4842,1
4843,0
4844,8
4845,0
4846,4
4847,0
4848,0
4849,3
4850,2
4851,16
4852,0
4853,28
4854,11
4855,0
4856,0
4857,3
4858,0
4859,0
4860,0
4861,27
4862,0
4863,10
4864,1
4865,15
4866,10
4867,0
4868,0
4869,0
4870,0
4871,0
4872,0
4873,0
4874,12
4875,0
4876,0
4877,7
4878,0
4879,17
4880,0
4881,13
4882,27
4883,0
4884,0
4885,0
4886,0
4887,2
4888,6
4889,7
4890,0
4891,0
4892,3
4893,1
4894,0
4895,2
4896,13
4897,8
4898,0
4899,2
4900,3
4901,0
4902,1
4903,3
4904,1
4905,2
4906,2
4907,14
4908,2
4909,0
4910,0
4911,3
4912,15
4913,5
4914,0
4915,4
4916,7
4917,19
4918,4
4919,11
4920,23
4921,26
4922,13
4923,0
4924,10
4925,0
4926,0
4927,1
4928,0
4929,13
4930,11
4931,4
4932,0
4933,0
4934,0
4935,2
4936,0
4937,11
4938,1
4939,2
4940,0
4941,0
4942,0
4943,0
4944,0
4945,14
4946,0
4947,2
4948,4
4949,13
4950,1
4951,12
4952,0
4953,0
4954,1
4955,25
4956,9
4957,20
4958,0
4959,0
4960,5
4961,2
4962,13
4963,5
4964,5
4965,0
4966,4
4967,0
4968,0
4969,0
4970,4
4971,0
4972,0
4973,6
4974,0
4975,21
4976,0
4977,0
4978,5
4979,21
4980,3
4981,0
4982,0
4983,0
4984,9
4985,0
4986,7
4987,5
4988,0
4989,3
4990,0
4991,0
4992,31
4993,0
4994,4
4995,14
4996,0
4997,0
4998,3
4999,0
5000,11
5001,0
5002,9
5003,1
5004,0
5005,0
5006,2
5007,13
5008,0
5009,6
5010,7
5011,0
5012,1
5013,13
5014,5
5015,0
5016,5
5017,0
5018,0
5019,19
5020,0
5021,0
5022,7
5023,7
5024,19
5025,1
5026,0
5027,0
5028,0
5029,0
5030,1
5031,10
5032,0
5033,0
5034,0
5035,0
5036,0
5037,4
5038,0
5039,0
5040,0
5041,0
5042,0
5043,13
5044,5
5045,36
5046,3
5047,30
5048,2
5049,4
5050,0
5051,3
5052,10
5053,15
5054,0
5055,9
5056,2
5057,8
5058,23
5059,0
5060,0
5061,0
5062,0
5063,0
5064,9
5065,0
5066,2
5067,15
5068,0
5069,0
5070,10
5071,0
5072,18
5073,0
5074,18
5075,0
5076,16
5077,0
5078,2
5079,0
5080,28
5081,0
5082,0
5083,0
5084,7
5085,0
5086,0
5087,0
5088,24
5089,0
5090,0
5091,0
5092,0
5093,0
5094,0
5095,0
5096,13
5097,7
5098,4
5099,0
5100,0
5101,0
5102,8
5103,6
5104,28
5105,0
5106,34
5107,0
5108,16
5109,0
5110,0
5111,0
5112,3
5113,0
5114,0
5115,1
5116,6
5117,0
5118,0
5119,0
5120,10
5121,7
5122,3
5123,0
5124,1
5125,0
5126,2
5127,0
5128,13
5129,0
5130,0
5131,5
5132,0
5133,0
5134,0
5135,0
5136,0
5137,0
5138,7
5139,0
5140,0
5141,20
5142,4
5143,0
5144,0
5145,5
5146,0
5147,7
5148,11
5149,1
5150,4
5151,7
5152,4
5153,12
5154,0
5155,0
5156,33
5157,0
5158,0
5159,0
5160,1
5161,0
5162,0
5163,2
5164,0
5165,0
5166,15
5167,27
5168,0
5169,0
5170,0
5171,0
5172,0
5173,0
5174,10
5175,0
5176,4
5177,1
5178,4
5179,15
5180,10
5181,0
5182,22
5183,28
5184,2
5185,0
5186,13
5187,3
5188,13
5189,0
5190,4
5191,1
5192,0
5193,5
5194,0
5195,0
5196,0
5197,3
5198,0
5199,16
5200,0
5201,0
5202,6
5203,1
5204,0
5205,15
5206,0
5207,0
5208,0
5209,4
5210,0
5211,0
5212,3
5213,3
5214,13
5215,27
5216,19
5217,0
5218,0
5219,27
5220,0
5221,0
5222,0
5223,5
5224,12
5225,28
5226,1
5227,0
5228,0
5229,0
5230,0
5231,5
5232,3
5233,6
5234,3
5235,0
5236,7
5237,4
5238,0
5239,13
5240,0
5241,0
5242,5
5243,0
5244,3
5245,0
5246,0
5247,0
5248,0
5249,7
5250,0
5251,5
5252,3
5253,8
5254,0
5255,0
5256,0
5257,0
5258,32
5259,0
5260,0
5261,21
5262,0
5263,0
5264,1
5265,0
5266,0
5267,0
5268,0
5269,15
5270,4
5271,1
5272,0
5273,0
5274,0
5275,8
5276,0
5277,0
5278,3
5279,9
5280,27
5281,0
5282,0
5283,0
5284,0
5285,0
5286,0
5287,0
5288,0
5289,0
5290,0
5291,0
5292,6
5293,4
5294,36
5295,36
5296,0
5297,0
5298,2
5299,0
5300,0
5301,0
5302,0
5303,9
5304,0
5305,2
5306,0
5307,2
5308,7
5309,0
5310,0
5311,2
5312,1
5313,4
5314,8
5315,0
5316,0
5317,28
5318,2
5319,4
5320,3
5321,4
5322,0
5323,0
5324,0
5325,1
5326,0
5327,25
5328,2
5329,1
5330,0
5331,26
5332,0
5333,4
5334,0
5335,0
5336,0
5337,0
5338,0
5339,0
5340,11
5341,11
5342,5
5343,0
5344,0
5345,28
5346,0
5347,2
5348,0
5349,2
5350,0
5351,14
5352,22
5353,1
5354,2
5355,0
5356,0
5357,10
5358,0
5359,0
5360,8
5361,0
5362,0
5363,0
5364,1
5365,6
5366,0
5367,0
5368,8
5369,1
5370,23
5371,0
5372,0
5373,0
5374,0
5375,19
5376,19
5377,0
5378,0
5379,23
5380,2
5381,10
5382,0
5383,0
5384,5
5385,0
5386,13
5387,15
5388,0
5389,29
5390,1
5391,0
5392,5
5393,0
5394,2
5395,0
5396,3
5397,0
5398,0
5399,0
5400,33
5401,0
5402,0
5403,0
5404,0
5405,2
5406,13
5407,0
5408,1
5409,0
5410,0
5411,0
5412,0
5413,0
5414,7
5415,0
5416,11
5417,0
5418,0
5419,0
5420,0
5421,12
5422,6
5423,14
5424,7
5425,15
5426,13
5427,0
5428,33
5429,0
5430,0
5431,13
5432,36
5433,2
5434,0
5435,7
5436,13
5437,1
5438,0
5439,11
5440,0
5441,1
5442,0
5443,13
5444,0
5445,0
5446,0
5447,0
5448,2
5449,0
5450,0
5451,0
5452,36
5453,0
5454,29
5455,0
5456,0
5457,18
5458,4
5459,3
5460,15
5461,0
5462,0
5463,13
5464,0
5465,6
5466,17
5467,0
5468,0
5469,2
5470,7
5471,20
5472,0
5473,9
5474,0
5475,1
5476,29
5477,2
5478,4
5479,0
5480,0
5481,0
5482,2
5483,0
5484,7
5485,2
5486,1
5487,2
5488,0
5489,7
5490,10
5491,9
5492,14
5493,7
5494,14
5495,0
5496,2
5497,0
5498,0
5499,29
5500,0
5501,1
5502,7
5503,4
5504,15
5505,3
5506,0
5507,22
5508,2
5509,0
5510,0
5511,0
5512,0
5513,14
5514,9
5515,7
5516,0
5517,0
5518,0
5519,0
5520,1
5521,0
5522,6
5523,0
5524,0
5525,0
5526,0
5527,0
5528,20
5529,0
5530,0
5531,0
5532,4
5533,1
5534,0
5535,0
5536,10
5537,2
5538,0
5539,0
5540,0
5541,13
5542,1
5543,0
5544,9
5545,0
5546,15
5547,0
5548,5
5549,33
5550,0
5551,0
5552,7
5553,0
5554,0
5555,1
5556,0
5557,0
5558,0
5559,0
5560,0
5561,0
5562,0
5563,0
5564,28
5565,0
5566,0
5567,0
5568,14
5569,4
5570,0
5571,0
5572,0
5573,0
5574,2
5575,0
5576,0
5577,16
5578,12
5579,0
5580,0
5581,16
5582,22
5583,0
5584,0
5585,2
5586,30
5587,14
5588,0
5589,0
5590,0
5591,0
5592,0
5593,0
5594,0
5595,16
5596,0
5597,0
5598,0
5599,0
5600,8
5601,0
5602,0
5603,0
5604,0
5605,30
5606,1
5607,4
5608,2
5609,1
5610,28
5611,8
5612,0
5613,17
5614,0
5615,0
5616,0
5617,15
5618,0
5619,10
5620,0
5621,0
5622,0
5623,2
5624,3
5625,1
5626,0
5627,0
5628,0
5629,3
5630,1
5631,1
5632,4
5633,0
5634,5
5635,7
5636,0
5637,0
5638,0
5639,4
5640,11
5641,1
5642,0
5643,0
5644,4
5645,0
5646,0
5647,0
5648,6
5649,1
5650,8
5651,33
5652,30
5653,14
5654,29
5655,4
5656,1
5657,1
5658,12
5659,0
5660,1
5661,4
5662,0
5663,0
5664,0
5665,20
5666,9
5667,0
5668,25
5669,0
5670,0
5671,0
5672,6
5673,0
5674,0
5675,0
5676,0
5677,6
5678,0
5679,0
5680,0
5681,1
5682,14
5683,4
5684,13
5685,0
5686,8
5687,27
5688,0
5689,0
5690,0
5691,0
5692,0
5693,0
5694,0
5695,36
5696,0
5697,0
5698,3
5699,0
5700,0
5701,11
5702,2
5703,0
5704,1
5705,0
5706,0
5707,0
5708,0
5709,0
5710,0
5711,4
5712,0
5713,31
5714,0
5715,22
5716,4
5717,0
5718,0
5719,0
5720,1
5721,1
5722,0
5723,8
5724,6
5725,2
5726,0
5727,0
5728,27
5729,1
5730,0
5731,0
5732,0
5733,0
5734,0
5735,2
5736,0
5737,28
5738,0
5739,0
5740,0
5741,0
5742,0
5743,0
5744,0
5745,8
5746,10
5747,1
5748,0
5749,0
5750,0
5751,12
5752,0
5753,0
5754,15
5755,18
5756,0
5757,0
5758,30
5759,0
5760,16
5761,6
5762,21
5763,13
5764,10
5765,1
5766,0
5767,13
5768,22
5769,3
5770,23
5771,0
5772,0
5773,0
5774,0
5775,31
5776,5
5777,2
5778,1
5779,0
5780,0
5781,2
5782,0
5783,0
5784,0
5785,0
5786,9
5787,0
5788,1
5789,13
5790,1
5791,0
5792,0
5793,6
5794,0
5795,0
5796,8
5797,6
5798,7
5799,0
5800,13
5801,0
5802,5
5803,1
5804,9
5805,8
5806,0
5807,6
5808,3
5809,0
5810,4
5811,0
5812,0
5813,0
5814,11
5815,0
5816,0
5817,3
5818,0
5819,10
5820,7
5821,13
5822,8
5823,4
5824,0
5825,0
5826,0
5827,9
5828,0
5829,0
5830,0
5831,0
5832,13
5833,0
5834,24
5835,0
5836,0
5837,0
5838,36
5839,0
5840,4
5841,1
5842,0
5843,0
5844,10
5845,4
5846,29
5847,0
5848,2
5849,0
5850,0
5851,8
5852,0
5853,0
5854,0
5855,0
5856,0
5857,0
5858,0
5859,11
5860,0
5861,0
5862,23
5863,0
5864,0
5865,0
5866,0
5867,0
5868,6
5869,0
5870,0
5871,0
5872,0
5873,0
5874,8
5875,0
5876,6
5877,0
5878,0
5879,8
5880,8
5881,0
5882,0
5883,0
5884,0
5885,2
5886,0
5887,0
5888,0
5889,36
5890,0
5891,0
5892,0
5893,0
5894,6
5895,6
5896,0
5897,0
5898,0
5899,0
5900,0
5901,0
5902,6
5903,0
5904,0
5905,2
5906,0
5907,0
5908,2
5909,0
5910,9
5911,5
5912,0
5913,22
5914,0
5915,0
5916,6
5917,33
5918,0
5919,1
5920,0
5921,0
5922,1
5923,0
5924,11
5925,0
5926,9
5927,0
5928,0
5929,7
5930,0
5931,2
5932,5
5933,0
5934,0
5935,0
5936,3
5937,0
5938,0
5939,0
5940,0
5941,10
5942,0
5943,27
5944,0
5945,12
5946,0
5947,8
5948,3
5949,33
5950,17
5951,0
5952,0
5953,0
5954,0
5955,8
5956,2
5957,0
5958,0
5959,0
5960,0
5961,11
5962,8
5963,10
5964,0
5965,14
5966,24
5967,0
5968,1
5969,0
5970,21
5971,0
5972,0
5973,9
5974,0
5975,21
5976,27
5977,0
5978,0
5979,9
5980,0
5981,16
5982,0
5983,7
5984,0
5985,0
5986,25
5987,0
5988,0
5989,4
5990,4
5991,33
5992,0
5993,0
5994,10
5995,0
5996,8
5997,0
5998,1
5999,0
6000,0
6001,5
6002,0
6003,0
6004,0
6005,3
6006,20
6007,0
6008,17
6009,16
6010,0
6011,0
6012,12
6013,0
6014,0
6015,30
6016,7
6017,11
6018,28
6019,5
6020,0
6021,0
6022,4
6023,10
6024,22
6025,0
6026,0
6027,0
6028,0
6029,0
6030,16
6031,5
6032,0
6033,0
6034,0
6035,8
6036,0
6037,0
6038,10
6039,0
6040,18
6041,6
6042,2
6043,36
6044,10
6045,0
6046,2
6047,0
6048,7
6049,0
6050,7
6051,0
6052,4
6053,13
6054,0
6055,33
6056,0
6057,1
6058,0
6059,13
6060,0
6061,1
6062,13
6063,0
6064,3
6065,0
6066,0
6067,5
6068,0
6069,0
6070,0
6071,5
6072,0
6073,0
6074,0
6075,0
6076,0
6077,0
6078,10
6079,0
6080,0
6081,1
6082,0
6083,0
6084,4
6085,15
6086,0
6087,0
6088,1
6089,2
6090,4
6091,0
6092,0
6093,8
6094,0
6095,0
6096,0
6097,0
6098,0
6099,0
6100,0
6101,7
6102,0
6103,32
6104,2
6105,0
6106,4
6107,27
6108,33
6109,0
6110,0
6111,0
6112,0
6113,0
6114,0
6115,8
6116,7
6117,10
6118,15
6119,2
6120,0
6121,0
6122,17
6123,0
6124,9
6125,28
6126,0
6127,25
6128,7
6129,7
6130,0
6131,12
6132,0
6133,0
6134,3
6135,36
6136,20
6137,0
6138,11
6139,0
6140,7
6141,3
6142,0
6143,0
6144,0
6145,2
6146,25
6147,12
6148,28
6149,12
6150,7
6151,3
6152,3
6153,32
6154,13
6155,0
6156,9
6157,2
6158,0
6159,0
6160,0
6161,0
6162,0
6163,26
6164,7
6165,7
6166,4
6167,0
6168,0
6169,5
6170,0
6171,16
6172,0
6173,2
6174,0
6175,2
6176,0
6177,20
6178,0
6179,0
6180,0
6181,5
6182,4
6183,1
6184,0
6185,4
6186,0
6187,15
6188,4
6189,0
6190,7
6191,0
6192,0
6193,2
6194,22
6195,1
6196,2
6197,0
6198,0
6199,0
6200,0
6201,0
6202,11
6203,1
6204,0
6205,0
6206,13
6207,5
6208,0
6209,0
6210,15
6211,11
6212,0
6213,0
6214,0
6215,17
6216,0
6217,1
6218,0
6219,1
6220,8
6221,0
6222,0
6223,15
6224,0
6225,7
6226,0
6227,0
6228,13
6229,0
6230,0
6231,0
6232,8
6233,1
6234,0
6235,3
6236,0
6237,0
6238,15
6239,0
6240,0
6241,0
6242,0
6243,0
6244,0
6245,0
6246,0
6247,4
6248,0
6249,0
6250,2
6251,0
6252,1
6253,8
6254,0
6255,0
6256,3
6257,0
6258,0
6259,0
6260,0
6261,0
6262,3
6263,7
6264,0
6265,6
6266,35
6267,5
6268,10
6269,0
6270,0
6271,7
6272,0
6273,0
6274,0
6275,13
6276,0
6277,1
6278,0
6279,22
6280,6
6281,0
6282,0
6283,7
6284,0
6285,3
6286,0
6287,4
6288,0
6289,9
6290,17
6291,0
6292,0
6293,13
6294,3
6295,0
6296,0
6297,13
6298,14
6299,0
6300,28
6301,9
6302,0
6303,3
6304,3
6305,4
6306,0
6307,0
6308,0
6309,3
6310,0
6311,0
6312,15
6313,0
6314,3
6315,16
6316,0
6317,0
6318,1
6319,1
6320,0
6321,0
6322,0
6323,8
6324,2
6325,3
6326,18
6327,0
6328,1
6329,0
6330,0
6331,0
6332,0
6333,28
6334,4
6335,2
6336,2
6337,22
6338,28
6339,0
6340,7
6341,5
6342,0
6343,0
6344,7
6345,0
6346,21
6347,13
6348,28
6349,0
6350,8
6351,3
6352,0
6353,0
6354,0
6355,4
6356,1
6357,0
6358,0
6359,0
6360,5
6361,3
6362,3
6363,0
6364,0
6365,0
6366,0
6367,0
6368,6
6369,2
6370,0
6371,5
6372,0
6373,2
6374,2
6375,27
6376,15
6377,0
6378,0
6379,0
6380,0
6381,0
6382,1
6383,0
6384,0
6385,0
6386,0
6387,12
6388,19
6389,4
6390,0
6391,0
6392,9
6393,4
6394,5
6395,5
6396,0
6397,0
6398,1
6399,4
6400,27
6401,0
6402,8
6403,0
6404,0
6405,8
6406,0
6407,23
6408,0
6409,1
6410,3
6411,0
6412,4
6413,0
6414,2
6415,0
6416,4
6417,14
6418,1
6419,2
6420,34
6421,0
6422,10
6423,0
6424,13
6425,0
6426,6
6427,19
6428,0
6429,8
6430,0
6431,0
6432,8
6433,0
6434,0
6435,0
6436,0
6437,0
6438,3
6439,0
6440,3
6441,6
6442,0
6443,0
6444,0
6445,0
6446,0
6447,0
6448,0
6449,0
6450,10
6451,0
6452,0
6453,0
6454,6
6455,0
6456,6
6457,0
6458,24
6459,0
6460,4
6461,0
6462,0
6463,6
6464,0
6465,3
6466,0
6467,0
6468,1
6469,0
6470,0
6471,0
6472,0
6473,0
6474,0
6475,2
6476,0
6477,0
6478,3
6479,0
6480,0
6481,7
6482,0
6483,0
6484,0
6485,15
6486,0
6487,0
6488,0
6489,0
6490,0
6491,2
6492,12
6493,29
6494,4
6495,0
6496,0
6497,0
6498,0
6499,0
6500,0
6501,0
6502,1
6503,4
6504,0
6505,0
6506,0
6507,0
6508,31
6509,2
6510,0
6511,0
6512,16
6513,2
6514,0
6515,2
6516,13
6517,0
6518,0
6519,0
6520,0
6521,9
6522,0
6523,0
6524,23
6525,0
6526,0
6527,4
6528,1
6529,33
6530,0
6531,1
6532,0
6533,0
6534,4
6535,23
6536,0
6537,21
6538,7
6539,2
6540,7
6541,5
6542,0
6543,4
6544,9
6545,0
6546,13
6547,0
6548,10
6549,0
6550,0
6551,0
6552,0
6553,5
6554,6
6555,0
6556,0
6557,0
6558,0
6559,0
6560,13
6561,0
6562,3
6563,21
6564,10
6565,0
6566,0
6567,0
6568,0
6569,1
6570,2
6571,22
6572,0
6573,2
6574,0
6575,0
6576,19
6577,3
6578,15
6579,0
6580,0
6581,21
6582,3
6583,2
6584,0
6585,4
6586,2
6587,0
6588,0
6589,12
6590,0
6591,0
6592,2
6593,0
6594,0
6595,3
6596,0
6597,2
6598,0
6599,0
6600,1
6601,6
6602,0
6603,0
6604,0
6605,0
6606,13
6607,4
6608,7
6609,23
6610,0
6611,10
6612,0
6613,4
6614,0
6615,5
6616,0
6617,0
6618,0
6619,0
6620,0
6621,0
6622,0
6623,15
6624,5
6625,10
6626,0
6627,0
6628,6
6629,0
6630,4
6631,0
6632,0
6633,8
6634,3
6635,0
6636,3
6637,7
6638,0
6639,0
6640,0
6641,2
6642,2
6643,0
6644,11
6645,15
6646,9
6647,33
6648,3
6649,24
6650,0
6651,24
6652,1
6653,0
6654,8
6655,2
6656,0
6657,0
6658,0
6659,0
6660,0
6661,0
6662,1
6663,4
6664,29
6665,3
6666,16
6667,25
6668,10
6669,4
6670,0
6671,4
6672,0
6673,0
6674,3
6675,0
6676,0
6677,12
6678,15
6679,2
6680,0
6681,1
6682,20
6683,13
6684,0
6685,0
6686,2
6687,9
6688,0
6689,0
6690,20
6691,13
6692,0
6693,0
6694,28
6695,9
6696,0
6697,1
6698,0
6699,0
6700,19
6701,5
6702,9
6703,1
6704,0
6705,2
6706,0
6707,0
6708,2
6709,0
6710,0
6711,0
6712,0
6713,0
6714,0
6715,0
6716,0
6717,1
6718,0
6719,1
6720,1
6721,0
6722,27
6723,17
6724,1
6725,0
6726,2
6727,0
6728,0
6729,0
6730,3
6731,0
6732,0
6733,9
6734,1
6735,0
6736,14
6737,2
6738,1
6739,0
6740,14
6741,3
6742,7
6743,0
6744,0
6745,15
6746,7
6747,0
6748,10
6749,0
6750,0
6751,0
6752,0
6753,0
6754,1
6755,9
6756,2
6757,14
6758,0
6759,0
6760,0
6761,0
6762,0
6763,33
6764,2
6765,0
6766,5
6767,0
6768,1
6769,12
6770,0
6771,0
6772,0
6773,0
6774,11
6775,12
6776,8
6777,3
6778,0
6779,2
6780,1
6781,32
6782,15
6783,0
6784,0
6785,11
6786,22
6787,0
6788,10
6789,0
6790,0
6791,0
6792,0
6793,0
6794,0
6795,2
6796,9
6797,0
6798,0
6799,0
6800,0
6801,0
6802,0
6803,0
6804,11
6805,9
6806,4
6807,15
6808,0
6809,0
6810,2
6811,2
6812,0
6813,0
6814,0
6815,15
6816,9
6817,1
6818,0
6819,0
6820,0
6821,0
6822,7
6823,0
6824,0
6825,10
6826,11
6827,0
6828,0
6829,0
6830,0
6831,0
6832,5
6833,0
6834,0
6835,4
6836,4
6837,0
6838,8
6839,0
6840,0
6841,0
6842,33
6843,9
6844,11
6845,0
6846,13
6847,0
6848,2
6849,9
6850,0
6851,0
6852,0
6853,0
6854,1
6855,0
6856,7
6857,0
6858,0
6859,0
6860,9
6861,0
6862,0
6863,0
6864,0
6865,0
6866,0
6867,0
6868,0
6869,0
6870,0
6871,0
6872,0
6873,0
6874,0
6875,0
6876,0
6877,8
6878,0
6879,0
6880,0
6881,0
6882,0
6883,0
6884,0
6885,0
6886,0
6887,0
6888,0
6889,0
6890,0
6891,0
6892,8
6893,0
6894,0
6895,0
6896,7
6897,0
6898,0
6899,0
6900,0
6901,7
6902,0
6903,8
6904,0
6905,0
6906,0
6907,0
6908,0
6909,0
6910,0
6911,0
6912,30
6913,0
6914,1
6915,0
6916,0
6917,0
6918,0
6919,0
6920,0
6921,4
6922,0
6923,0
6924,8
6925,0
6926,1
6927,0
6928,0
6929,0
6930,0
6931,0
6932,21
6933,0
6934,6
6935,0
6936,0
6937,6
6938,0
6939,0
6940,3
6941,0
6942,0
6943,17
6944,0
6945,0
6946,0
6947,0
6948,36
6949,0
6950,8
6951,0
6952,8
6953,0
6954,0
6955,0
6956,0
6957,0
6958,0
6959,0
6960,4
6961,0
6962,0
6963,0
6964,0
6965,0
6966,0
6967,0
6968,0
6969,0
6970,0
6971,0
6972,0
6973,0
6974,0
6975,7
6976,0
6977,0
6978,0
6979,2
6980,8
6981,0
6982,8
6983,0
6984,0
6985,3
6986,0
6987,0
6988,0
6989,0
6990,0
6991,0
6992,4
6993,0
6994,0
6995,0
6996,0
6997,6
6998,5
6999,0
7000,2
7001,0
7002,0
7003,6
7004,7
7005,0
7006,0
7007,6
7008,0
7009,0
7010,13
7011,0
7012,0
7013,0
7014,0
7015,0
7016,0
7017,0
7018,0
7019,0
7020,0
7021,0
7022,0
7023,8
7024,0
7025,17
7026,6
7027,0
7028,0
7029,0
7030,6
7031,0
7032,0
7033,0
7034,0
7035,0
7036,0
7037,29
7038,0
7039,8
7040,0
7041,36
7042,3
7043,0
7044,0
7045,0
7046,0
7047,0
7048,0
7049,0
7050,0
7051,0
7052,17
7053,5
7054,0
7055,0
7056,0
7057,0
7058,0
7059,0
7060,6
7061,0
7062,0
7063,0
7064,0
7065,6
7066,0
7067,0
7068,0
7069,7
7070,26
7071,0
7072,0
7073,0
7074,0
7075,2
7076,0
7077,0
7078,23
7079,0
7080,23
7081,0
7082,0
7083,0
7084,0
7085,0
7086,0
7087,0
7088,0
7089,0
7090,0
7091,0
7092,8
7093,0
7094,0
7095,11
7096,0
7097,0
7098,0
7099,0
7100,0
7101,0
7102,23
7103,0
7104,6
7105,0
7106,8
7107,0
7108,0
7109,0
7110,8
7111,0
7112,0
7113,8
7114,0
7115,0
7116,0
7117,0
7118,8
7119,0
7120,0
7121,6
7122,0
7123,8
7124,0
7125,0
7126,16
7127,27
7128,0
7129,0
7130,0
7131,0
7132,0
7133,0
7134,0
7135,0
7136,0
7137,0
7138,0
7139,0
7140,0
7141,3
7142,0
7143,0
7144,7
7145,30
7146,0
7147,0
7148,0
7149,0
7150,0
7151,36
7152,0
7153,0
7154,0
7155,9
7156,23
7157,22
7158,0
7159,0
7160,0
7161,0
7162,0
7163,0
7164,0
7165,0
7166,0
7167,0
7168,2
7169,6
7170,17
7171,8
7172,0
7173,0
7174,36
7175,0
7176,0
7177,4
7178,0
7179,0
7180,3
7181,0
7182,0
7183,0
7184,0
7185,33
7186,0
7187,0
7188,0
7189,0
7190,0
7191,6
7192,23
7193,0
7194,0
7195,0
7196,0
7197,0
7198,0
7199,0
7200,8
7201,0
7202,0
7203,0
7204,0
7205,6
7206,0
7207,0
7208,0
7209,6
7210,0
7211,0
7212,5
7213,0
7214,0
7215,0
7216,8
7217,36
7218,26
7219,0
7220,1
7221,0
7222,0
7223,0
7224,0
7225,0
7226,6
7227,0
7228,0
7229,0
7230,0
7231,0
7232,0
7233,0
7234,0
7235,6
7236,0
7237,0
7238,0
7239,0
7240,0
7241,0
7242,8
7243,0
7244,0
7245,0
7246,0
7247,0
7248,5
7249,2
7250,0
7251,0
7252,6
7253,0
7254,17
7255,6
7256,0
7257,0
7258,21
7259,0
7260,0
7261,0
7262,0
7263,0
7264,0
7265,0
7266,0
7267,0
7268,6
7269,0
7270,0
7271,0
7272,0
7273,0
7274,0
7275,0
7276,0
7277,0
7278,0
7279,0
7280,0
7281,25
7282,0
7283,6
7284,0
7285,0
7286,0
7287,0
7288,0
7289,0
7290,0
7291,8
7292,2
7293,6
7294,0
7295,0
7296,0
7297,3
7298,0
7299,8
7300,0
7301,0
7302,0
7303,0
7304,0
7305,4
7306,6
7307,0
7308,0
7309,0
7310,0
7311,0
7312,0
7313,10
7314,0
7315,0
7316,0
7317,0
7318,0
7319,0
7320,0
7321,36
7322,0
7323,0
7324,0
7325,0
7326,0
7327,0
7328,0
7329,14
7330,0
7331,36
7332,0
7333,0
7334,0
7335,0
7336,6
7337,0
7338,8
7339,0
7340,0
7341,0
7342,8
7343,0
7344,0
7345,0
7346,4
7347,23
7348,7
7349,0
7350,0
7351,0
7352,0
7353,0
7354,0
7355,0
7356,0
7357,0
7358,0
7359,0
7360,0
7361,0
7362,0
7363,24
7364,0
7365,0
7366,0
7367,0
7368,0
7369,0
7370,0
7371,0
7372,0
7373,0
7374,0
7375,0
7376,36
7377,0
7378,1
7379,0
7380,0
7381,0
7382,6
7383,0
7384,6
7385,0
7386,0
7387,0
7388,0
7389,8
7390,0
7391,0
7392,3
7393,36
7394,10
7395,0
7396,7
7397,0
7398,0
7399,4
7400,0
7401,0
7402,0
7403,0
7404,0
7405,0
7406,0
7407,0
7408,0
7409,0
7410,0
7411,0
7412,8
7413,0
7414,6
7415,0
7416,0
7417,0
7418,21
7419,0
7420,0
7421,35
7422,6
7423,0
7424,0
7425,0
7426,0
7427,0
7428,0
7429,0
7430,0
7431,0
7432,0
7433,0
7434,0
7435,8
7436,0
7437,0
7438,0
7439,0
7440,0
7441,0
7442,0
7443,0
7444,0
7445,0
7446,0
7447,0
7448,6
7449,0
7450,0
7451,35
7452,0
7453,0
7454,0
7455,6
7456,0
7457,0
7458,0
7459,0
7460,7
7461,1
7462,3
7463,8
7464,0
7465,0
7466,0
7467,0
7468,26
7469,0
7470,0
7471,4
7472,0
7473,0
7474,0
7475,0
7476,0
7477,7
7478,0
7479,0
7480,0
7481,0
7482,0
7483,0
7484,0
7485,0
7486,0
7487,0
7488,0
7489,0
7490,0
7491,0
7492,23
7493,6
7494,0
7495,8
7496,8
7497,8
7498,0
7499,0
7500,0
7501,0
7502,0
7503,6
7504,0
7505,0
7506,0
7507,0
7508,3
7509,6
7510,0
7511,0
7512,0
7513,0
7514,0
7515,0
7516,0
7517,36
7518,0
7519,0
7520,4
7521,0
7522,0
7523,6
7524,0
7525,0
7526,0
7527,8
7528,0
7529,0
7530,6
7531,0
7532,36
7533,0
7534,0
7535,0
7536,0
7537,0
7538,0
7539,0
7540,0
7541,0
7542,0
7543,0
7544,0
7545,0
7546,0
7547,0
7548,6
7549,0
7550,23
7551,0
7552,7
7553,0
7554,0
7555,0
7556,0
7557,0
7558,0
7559,0
7560,0
7561,0
7562,3
7563,0
7564,0
7565,0
7566,0
7567,0
7568,0
7569,6
7570,0
7571,0
7572,0
7573,0
7574,0
7575,0
7576,0
7577,20
7578,0
7579,0
7580,0
7581,0
7582,0
7583,29
7584,0
7585,0
7586,0
7587,0
7588,0
7589,0
7590,2
7591,0
7592,36
7593,0
7594,0
7595,0
7596,0
7597,0
7598,0
7599,0
7600,8
7601,2
7602,0
7603,6
7604,8
7605,0
7606,0
7607,0
7608,0
7609,0
7610,0
7611,0
7612,0
7613,0
7614,0
7615,10
7616,0
7617,0
7618,0
7619,0
7620,22
7621,0
7622,0
7623,0
7624,0
7625,0
7626,8
7627,0
7628,0
7629,0
7630,0
7631,0
7632,0
7633,0
7634,0
7635,0
7636,0
7637,0
7638,0
7639,0
7640,0
7641,0
7642,0
7643,0
7644,27
7645,0
7646,0
7647,0
7648,24
7649,0
7650,36
7651,4
7652,0
7653,0
7654,30
7655,0
7656,0
7657,0
7658,0
7659,3
7660,0
7661,0
7662,0
7663,0
7664,0
7665,0
7666,0
7667,0
7668,0
7669,0
7670,0
7671,0
7672,0
7673,0
7674,0
7675,0
7676,8
7677,0
7678,22
7679,0
7680,0
7681,0
7682,0
7683,8
7684,0
7685,0
7686,0
7687,8
7688,0
7689,6
7690,0
7691,0
7692,0
7693,6
7694,0
7695,0
7696,0
7697,0
7698,0
7699,0
7700,0
7701,0
7702,0
7703,0
7704,0
7705,0
7706,0
7707,6
7708,0
7709,0
7710,0
7711,6
7712,0
7713,0
7714,0
7715,0
7716,6
7717,6
7718,0
7719,6
7720,0
7721,0
7722,6
7723,20
7724,0
7725,0
7726,0
7727,6
7728,0
7729,0
7730,0
7731,0
7732,36
7733,0
7734,0
7735,0
7736,0
7737,0
7738,8
7739,0
7740,0
7741,0
7742,0
7743,7
7744,29
7745,0
7746,2
7747,0
7748,0
7749,0
7750,0
7751,0
7752,23
7753,0
7754,0
7755,8
7756,23
7757,0
7758,0
7759,0
7760,0
7761,0
7762,0
7763,0
7764,7
7765,0
7766,0
7767,6
7768,0
7769,0
7770,0
7771,6
7772,0
7773,0
7774,0
7775,0
7776,0
7777,0
7778,29
7779,0
7780,0
7781,0
7782,4
7783,0
7784,0
7785,0
7786,35
7787,3
7788,2
7789,6
7790,0
7791,0
7792,6
7793,0
7794,0
7795,0
7796,0
7797,0
7798,2
7799,0
7800,0
7801,8
7802,10
7803,0
7804,11
7805,0
7806,0
7807,8
7808,0
7809,0
7810,0
7811,0
7812,0
7813,0
7814,0
7815,0
7816,0
7817,0
7818,0
7819,8
7820,0
7821,0
7822,0
7823,0
7824,0
7825,0
7826,3
7827,0
7828,0
7829,0
7830,0
7831,0
7832,0
7833,0
7834,0
7835,6
7836,29
7837,19
7838,0
7839,2
7840,8
7841,4
7842,0
7843,0
7844,0
7845,0
7846,0
7847,6
7848,8
7849,0
7850,14
7851,0
7852,0
7853,0
7854,0
7855,0
7856,6
7857,0
7858,0
7859,0
7860,0
7861,0
7862,0
7863,0
7864,0
7865,0
7866,0
7867,4
7868,0
7869,23
7870,0
7871,23
7872,1
7873,17
7874,0
7875,0
7876,0
7877,6
7878,0
7879,6
7880,0
7881,0
7882,0
7883,8
7884,0
7885,0
7886,0
7887,0
7888,0
7889,0
7890,32
7891,0
7892,6
7893,0
7894,0
7895,0
7896,0
7897,0
7898,0
7899,0
7900,0
7901,6
7902,0
7903,8
7904,0
7905,0
7906,0
7907,0
7908,8
7909,0
7910,0
7911,0
7912,0
7913,0
7914,3
7915,8
7916,0
7917,0
7918,0
7919,0
7920,0
7921,8
7922,8
7923,0
7924,0
7925,0
7926,0
7927,8
7928,0
7929,0
7930,0
7931,8
7932,3
7933,1
7934,0
7935,0
7936,0
7937,0
7938,0
7939,0
7940,0
7941,0
7942,0
7943,0
7944,3
7945,0
7946,0
7947,0
7948,0
7949,0
7950,0
7951,0
7952,0
7953,0
7954,0
7955,0
7956,0
7957,0
7958,5
7959,0
7960,0
7961,0
7962,0
7963,0
7964,0
7965,0
7966,0
7967,0
7968,2
7969,2
7970,0
7971,0
7972,0
7973,0
7974,0
7975,0
7976,0
7977,0
7978,17
7979,0
7980,0
7981,0
7982,0
7983,0
7984,0
7985,22
7986,0
7987,0
7988,0
7989,0
7990,0
7991,3
7992,0
7993,4
7994,0
7995,12
7996,8
7997,8
7998,8
7999,0
8000,2
8001,8
8002,0
8003,0
8004,0
8005,0
8006,3
8007,0
8008,0
8009,8
8010,0
8011,0
8012,6
8013,8
8014,0
8015,0
8016,0
8017,0
8018,0
8019,7
8020,0
8021,0
8022,8
8023,0
8024,0
8025,6
8026,8
8027,0
8028,0
8029,0
8030,0
8031,6
8032,6
8033,0
8034,0
8035,0
8036,0
8037,11
8038,6
8039,0
8040,7
8041,0
8042,0
8043,0
8044,0
8045,0
8046,0
8047,0
8048,0
8049,0
8050,0
8051,0
8052,13
8053,0
8054,0
8055,2
8056,0
8057,0
8058,8
8059,0
8060,0
8061,6
8062,0
8063,36
8064,0
8065,2
8066,0
8067,0
8068,0
8069,0
8070,6
8071,8
8072,0
8073,0
8074,0
8075,0
8076,0
8077,0
8078,6
8079,0
8080,23
8081,0
8082,0
8083,0
8084,6
8085,0
8086,0
8087,0
8088,0
8089,0
8090,6
8091,0
8092,0
8093,0
8094,0
8095,18
8096,0
8097,0
8098,0
8099,0
8100,6
8101,0
8102,8
8103,0
8104,0
8105,0
8106,2
8107,15
8108,0
8109,0
8110,0
8111,0
8112,8
8113,0
8114,0
8115,27
8116,0
8117,0
8118,0
8119,0
8120,0
8121,0
8122,0
8123,0
8124,0
8125,0
8126,0
8127,0
8128,0
8129,0
8130,0
8131,11
8132,0
8133,0
8134,0
8135,8
8136,8
8137,0
8138,0
8139,0
8140,0
8141,0
8142,0
8143,0
8144,0
8145,10
8146,8
8147,0
8148,6
8149,0
8150,17
8151,0
8152,0
8153,0
8154,0
8155,0
8156,4
8157,8
8158,0
8159,8
8160,0
8161,0
8162,0
8163,0
8164,0
8165,0
8166,0
8167,0
8168,0
8169,0
8170,0
8171,0
8172,2
8173,0
8174,0
8175,8
8176,0
8177,0
8178,8
8179,0
8180,0
8181,0
8182,0
8183,8
8184,0
8185,0
8186,1
8187,0
8188,1
8189,0
8190,0
8191,0
8192,0
8193,2
8194,2
8195,0
8196,0
8197,8
8198,0
8199,0
8200,0
8201,0
8202,10
8203,8
8204,0
8205,0
8206,0
8207,6
8208,0
8209,3
8210,0
8211,0
8212,0
8213,0
8214,0
8215,3
8216,0
8217,0
8218,0
8219,0
8220,0
8221,0
8222,0
8223,0
8224,0
8225,0
8226,0
8227,6
8228,0
8229,0
8230,0
8231,0
8232,0
8233,0
8234,2
8235,0
8236,0
8237,0
8238,0
8239,0
8240,0
8241,0
8242,0
8243,8
8244,0
8245,0
8246,0
8247,0
8248,0
8249,0
8250,0
8251,0
8252,0
8253,7
8254,0
8255,0
8256,0
8257,0
8258,0
8259,0
8260,0
8261,0
8262,0
8263,0
8264,0
8265,0
8266,0
8267,8
8268,0
8269,0
8270,23
8271,0
8272,24
8273,0
8274,0
8275,0
8276,0
8277,8
8278,0
8279,0
8280,0
8281,36
8282,0
8283,0
8284,0
8285,33
8286,0
8287,0
8288,8
8289,0
8290,9
8291,0
8292,0
8293,0
8294,1
8295,8
8296,0
8297,6
8298,6
8299,0
8300,0
8301,0
8302,0
8303,36
8304,0
8305,22
8306,4
8307,0
8308,0
8309,4
8310,0
8311,8
8312,8
8313,0
8314,0
8315,0
8316,0
8317,23
8318,0
8319,0
8320,0
8321,0
8322,6
8323,0
8324,0
8325,0
8326,6
8327,0
8328,2
8329,8
8330,0
8331,27
8332,6
8333,0
8334,10
8335,0
8336,0
8337,0
8338,8
8339,0
8340,0
8341,0
8342,0
8343,3
8344,35
8345,0
8346,0
8347,0
8348,0
8349,0
8350,5
8351,0
8352,5
8353,0
8354,6
8355,0
8356,0
8357,6
8358,0
8359,0
8360,0
8361,23
8362,0
8363,0
8364,0
8365,0
8366,0
8367,7
8368,8
8369,0
8370,0
8371,0
8372,0
8373,0
8374,0
8375,2
8376,33
8377,0
8378,0
8379,0
8380,0
8381,0
8382,0
8383,0
8384,6
8385,22
8386,0
8387,0
8388,6
8389,0
8390,0
8391,0
8392,0
8393,0
8394,0
8395,0
8396,0
8397,0
8398,6
8399,0
8400,8
8401,32
8402,0
8403,0
8404,9
8405,0
8406,0
8407,0
8408,0
8409,0
8410,0
8411,0
8412,0
8413,0
8414,18
8415,0
8416,0
8417,0
8418,6
8419,0
8420,0
8421,0
8422,0
8423,0
8424,0
8425,0
8426,0
8427,1
8428,0
8429,0
8430,0
8431,8
8432,0
8433,0
8434,6
8435,0
8436,0
8437,0
8438,6
8439,0
8440,0
8441,0
8442,0
8443,0
8444,0
8445,0
8446,0
8447,0
8448,0
8449,23
8450,6
8451,0
8452,0
8453,0
8454,0
8455,0
8456,0
8457,0
8458,5
8459,0
8460,0
8461,0
8462,0
8463,6
8464,0
8465,0
8466,0
8467,0
8468,0
8469,0
8470,0
8471,0
8472,0
8473,6
8474,0
8475,0
8476,0
8477,0
8478,0
8479,0
8480,0
8481,24
8482,0
8483,0
8484,0
8485,33
8486,6
8487,0
8488,0
8489,0
8490,0
8491,0
8492,0
8493,0
8494,0
8495,0
8496,6
8497,0
8498,0
8499,0
8500,0
8501,0
8502,6
8503,0
8504,0
8505,0
8506,36
8507,5
8508,6
8509,0
8510,0
8511,0
8512,6
8513,0
8514,0
8515,3
8516,15
8517,0
8518,6
8519,0
8520,0
8521,0
8522,6
8523,4
8524,5
8525,0
8526,0
8527,0
8528,0
8529,8
8530,0
8531,6
8532,23
8533,0
8534,21
8535,8
8536,0
8537,0
8538,8
8539,0
8540,32
8541,0
8542,6
8543,18
8544,2
8545,0
8546,0
8547,0
8548,10
8549,0
8550,6
8551,0
8552,0
8553,6
8554,23
8555,0
8556,0
8557,0
8558,0
8559,0
8560,10
8561,0
8562,0
8563,36
8564,3
8565,0
8566,0
8567,0
8568,0
8569,0
8570,0
8571,6
8572,0
8573,6
8574,8
8575,0
8576,0
8577,6
8578,0
8579,0
8580,0
8581,0
8582,0
8583,0
8584,0
8585,0
8586,0
8587,0
8588,0
8589,7
8590,0
8591,0
8592,0
8593,23
8594,0
8595,0
8596,0
8597,36
8598,0
8599,0
8600,0
8601,0
8602,0
8603,0
8604,0
8605,0
8606,0
8607,6
8608,0
8609,0
8610,0
8611,0
8612,0
8613,0
8614,0
8615,0
8616,17
8617,8
8618,8
8619,0
8620,0
8621,0
8622,14
8623,6
8624,6
8625,0
8626,0
8627,0
8628,0
8629,0
8630,0
8631,0
8632,8
8633,0
8634,0
8635,0
8636,0
8637,8
8638,8
8639,0
8640,0
8641,0
8642,0
8643,10
8644,0
8645,0
8646,0
8647,0
8648,6
8649,0
8650,0
8651,0
8652,0
8653,0
8654,0
8655,0
8656,0
8657,3
8658,0
8659,17
8660,0
8661,0
8662,0
8663,0
8664,6
8665,0
8666,3
8667,17
8668,0
8669,0
8670,0
8671,0
8672,0
8673,0
8674,0
8675,0
8676,0
8677,0
8678,0
8679,0
8680,0
8681,0
8682,0
8683,9
8684,0
8685,0
8686,6
8687,0
8688,0
8689,0
8690,0
8691,0
8692,0
8693,1
8694,0
8695,0
8696,0
8697,0
8698,0
8699,0
8700,0
8701,21
8702,0
8703,0
8704,0
8705,0
8706,0
8707,0
8708,0
8709,0
8710,0
8711,0
8712,0
8713,0
8714,0
8715,6
8716,2
8717,0
8718,0
8719,0
8720,0
8721,0
8722,6
8723,0
8724,1
8725,0
8726,8
8727,0
8728,0
8729,6
8730,0
8731,0
8732,0
8733,6
8734,0
8735,0
8736,0
8737,6
8738,0
8739,6
8740,0
8741,0
8742,0
8743,0
8744,8
8745,0
8746,0
8747,4
8748,0
8749,0
8750,36
8751,3
8752,0
8753,0
8754,36
8755,0
8756,0
8757,0
8758,0
8759,0
8760,0
8761,0
8762,0
8763,24
8764,0
8765,3
8766,0
8767,9
8768,0
8769,0
8770,0
8771,3
8772,0
8773,8
8774,0
8775,0
8776,0
8777,7
8778,0
8779,0
8780,0
8781,0
8782,0
8783,2
8784,0
8785,0
8786,0
8787,0
8788,0
8789,0
8790,36
8791,33
8792,0
8793,0
8794,0
8795,0
8796,0
8797,6
8798,8
8799,0
8800,0
8801,0
8802,0
8803,0
8804,5
8805,0
8806,0
8807,0
8808,0
8809,23
8810,7
8811,0
8812,0
8813,8
8814,0
8815,0
8816,2
8817,0
8818,0
8819,0
8820,0
8821,22
8822,0
8823,0
8824,0
8825,0
8826,0
8827,0
8828,0
8829,5
8830,0
8831,0
8832,14
8833,0
8834,0
8835,0
8836,0
8837,0
8838,0
8839,0
8840,0
8841,0
8842,0
8843,0
8844,0
8845,0
8846,0
8847,0
8848,13
8849,0
8850,0
8851,0
8852,6
8853,0
8854,0
8855,0
8856,0
8857,0
8858,0
8859,0
8860,0
8861,0
8862,7
8863,0
8864,28
8865,0
8866,36
8867,6
8868,0
8869,24
8870,0
8871,0
8872,0
8873,6
8874,23
8875,1
8876,0
8877,0
8878,0
8879,0
8880,0
8881,0
8882,0
8883,0
8884,0
8885,0
8886,0
8887,0
8888,6
8889,0
8890,0
8891,22
8892,0
8893,0
8894,0
8895,3
8896,0
8897,0
8898,0
8899,0
8900,0
8901,0
8902,0
8903,6
8904,0
8905,0
8906,0
8907,0
8908,0
8909,0
8910,0
8911,0
8912,0
8913,0
8914,0
8915,0
8916,0
8917,0
8918,0
8919,0
8920,3
8921,0
8922,0
8923,22
8924,0
8925,0
8926,10
8927,0
8928,0
8929,6
8930,8
8931,8
8932,0
8933,0
8934,0
8935,0
8936,0
8937,2
8938,0
8939,21
8940,6
8941,0
8942,0
8943,0
8944,0
8945,26
8946,6
8947,0
8948,8
8949,0
8950,0
8951,0
8952,0
8953,6
8954,0
8955,6
8956,0
8957,8
8958,0
8959,0
8960,0
8961,0
8962,0
8963,0
8964,33
8965,0
8966,6
8967,0
8968,0
8969,0
8970,0
8971,0
8972,0
8973,13
8974,0
8975,0
8976,6
8977,0
8978,3
8979,0
8980,8
8981,0
8982,0
8983,4
8984,0
8985,0
8986,0
8987,0
8988,0
8989,0
8990,21
8991,1
8992,6
8993,0
8994,0
8995,0
8996,8
8997,0
8998,0
8999,0
9000,4
9001,0
9002,0
9003,8
9004,0
9005,0
9006,6
9007,0
9008,0
9009,0
9010,33
9011,0
9012,0
9013,6
9014,0
9015,8
9016,0
9017,0
9018,0
9019,0
9020,0
9021,5
9022,0
9023,2
9024,0
9025,6
9026,0
9027,0
9028,8
9029,0
9030,8
9031,8
9032,8
9033,0
9034,0
9035,6
9036,0
9037,0
9038,0
9039,0
9040,6
9041,0
9042,8
9043,2
9044,4
9045,0
9046,8
9047,0
9048,6
9049,0
9050,0
9051,0
9052,0
9053,0
9054,0
9055,0
9056,6
9057,6
9058,0
9059,0
9060,0
9061,0
9062,0
9063,6
9064,0
9065,6
9066,6
9067,0
9068,0
9069,8
9070,6
9071,0
9072,6
9073,0
9074,1
9075,0
9076,11
9077,0
9078,1
9079,12
9080,1
9081,19
9082,0
9083,0
9084,25
9085,5
9086,0
9087,4
9088,0
9089,0
9090,21
9091,8
9092,0
9093,11
9094,2
9095,0
9096,0
9097,10
9098,14
9099,8
9100,0
9101,2
9102,0
9103,0
9104,27
9105,0
9106,4
9107,0
9108,0
9109,0
9110,0
9111,0
9112,0
9113,21
9114,0
9115,0
9116,20
9117,0
9118,2
9119,0
9120,8
9121,3
9122,19
9123,6
9124,0
9125,0
9126,36
9127,32
9128,0
9129,7
9130,0
9131,0
9132,3
9133,0
9134,0
9135,15
9136,3
9137,20
9138,6
9139,0
9140,0
9141,0
9142,0
9143,15
9144,0
9145,0
9146,0
9147,10
9148,0
9149,22
9150,27
9151,0
9152,0
9153,6
9154,0
9155,0
9156,0
9157,1
9158,27
9159,0
9160,0
9161,0
9162,3
9163,8
9164,0
9165,10
9166,13
9167,0
9168,0
9169,0
9170,0
9171,0
9172,10
9173,0
9174,4
9175,0
9176,1
9177,0
9178,7
9179,0
9180,4
9181,33
9182,0
9183,12
9184,16
9185,0
9186,27
9187,27
9188,2
9189,20
9190,2
9191,0
9192,16
9193,0
9194,5
9195,8
9196,2
9197,0
9198,3
9199,0
9200,0
9201,0
9202,0
9203,0
9204,0
9205,0
9206,8
9207,0
9208,0
9209,0
9210,8
9211,2
9212,17
9213,6
9214,7
9215,5
9216,33
9217,19
9218,0
9219,0
9220,0
9221,0
9222,0
9223,0
9224,22
9225,0
9226,1
9227,0
9228,0
9229,3
9230,1
9231,0
9232,6
9233,0
9234,0
9235,0
9236,3
9237,11
9238,0
9239,0
9240,0
9241,22
9242,6
9243,6
9244,0
9245,0
9246,0
9247,0
9248,0
9249,0
9250,0
9251,0
9252,0
9253,0
9254,0
9255,0
9256,0
9257,0
9258,0
9259,8
9260,0
9261,0
9262,0
9263,3
9264,0
9265,3
9266,0
9267,0
9268,3
9269,3
9270,0
9271,8
9272,0
9273,0
9274,0
9275,0
9276,0
9277,3
9278,14
9279,0
9280,7
9281,3
9282,2
9283,0
9284,6
9285,0
9286,0
9287,0
9288,2
9289,8
9290,6
9291,2
9292,1
9293,3
9294,2
9295,0
9296,12
9297,3
9298,11
9299,33
9300,0
9301,0
9302,19
9303,4
9304,0
9305,0
9306,6
9307,0
9308,3
9309,7
9310,0
9311,10
9312,0
9313,13
9314,0
9315,0
9316,3
9317,2
9318,24
9319,1
9320,0
9321,4
9322,3
9323,7
9324,0
9325,0
9326,0
9327,0
9328,17
9329,1
9330,1
9331,18
9332,0
9333,21
9334,0
9335,11
9336,0
9337,7
9338,0
9339,0
9340,0
9341,6
9342,0
9343,11
9344,3
9345,17
9346,0
9347,0
9348,0
9349,0
9350,0
9351,6
9352,0
9353,0
9354,9
9355,14
9356,4
9357,13
9358,0
9359,1
9360,0
9361,1
9362,0
9363,36
9364,0
9365,29
9366,0
9367,0
9368,0
9369,6
9370,0
9371,0
9372,0
9373,0
9374,0
9375,23
9376,7
9377,0
9378,0
9379,11
9380,0
9381,1
9382,0
9383,11
9384,5
9385,11
9386,5
9387,1
9388,17
9389,2
9390,9
9391,16
9392,7
9393,12
9394,2
9395,13
9396,13
9397,1
9398,3
9399,1
9400,0
9401,11
9402,4
9403,0
9404,0
9405,0
9406,0
9407,12
9408,14
9409,17
9410,0
9411,0
9412,2
9413,0
9414,0
9415,0
9416,0
9417,7
9418,4
9419,0
9420,0
9421,33
9422,0
9423,0
9424,0
9425,0
9426,0
9427,0
9428,35
9429,14
9430,3
9431,2
9432,0
9433,0
9434,18
9435,18
9436,0
9437,5
9438,1
9439,0
9440,4
9441,0
9442,9
9443,7
9444,0
9445,0
9446,2
9447,0
9448,0
9449,25
9450,0
9451,0
9452,18
9453,27
9454,5
9455,4
9456,5
9457,6
9458,7
9459,0
9460,8
9461,3
9462,8
9463,13
9464,0
9465,5
9466,0
9467,0
9468,0
9469,0
9470,10
9471,0
9472,0
9473,0
9474,0
9475,0
9476,0
9477,0
9478,0
9479,0
9480,0
9481,36
9482,25
9483,4
9484,0
9485,4
9486,0
9487,6
9488,0
9489,0
9490,0
9491,8
9492,0
9493,10
9494,6
9495,0
9496,1
9497,0
9498,0
9499,18
9500,0
9501,0
9502,0
9503,28
9504,18
9505,1
9506,0
9507,13
9508,12
9509,1
9510,0
9511,0
9512,1
9513,0
9514,36
9515,0
9516,0
9517,3
9518,0
9519,2
9520,0
9521,0
9522,0
9523,1
9524,0
9525,0
9526,13
9527,0
9528,0
9529,11
9530,0
9531,0
9532,3
9533,0
9534,3
9535,28
9536,11
9537,0
9538,0
9539,0
9540,0
9541,0
9542,3
9543,0
9544,0
9545,0
9546,7
9547,33
9548,0
9549,0
9550,3
9551,0
9552,1
9553,0
9554,2
9555,0
9556,0
9557,0
9558,0
9559,33
9560,0
9561,5
9562,2
9563,5
9564,0
9565,0
9566,2
9567,16
9568,0
9569,0
9570,0
9571,24
9572,0
9573,0
9574,0
9575,0
9576,0
9577,13
9578,7
9579,11
9580,6
9581,30
9582,1
9583,0
9584,0
9585,0
9586,30
9587,0
9588,7
9589,2
9590,10
9591,29
9592,3
9593,0
9594,0
9595,0
9596,8
9597,0
9598,0
9599,0
9600,7
9601,4
9602,25
9603,0
9604,4
9605,13
9606,5
9607,0
9608,0
9609,0
9610,4
9611,0
9612,4
9613,0
9614,0
9615,17
9616,0
9617,6
9618,0
9619,0
9620,5
9621,18
9622,6
9623,36
9624,4
9625,19
9626,15
9627,0
9628,0
9629,5
9630,0
9631,0
9632,13
9633,0
9634,8
9635,0
9636,0
9637,8
9638,0
9639,0
9640,0
9641,0
9642,0
9643,0
9644,19
9645,0
9646,6
9647,0
9648,0
9649,0
9650,0
9651,0
9652,0
9653,8
9654,0
9655,2
9656,5
9657,36
9658,10
9659,0
9660,0
9661,0
9662,0
9663,16
9664,0
9665,22
9666,0
9667,16
9668,20
9669,0
9670,7
9671,0
9672,0
9673,0
9674,0
9675,0
9676,0
9677,0
9678,1
9679,0
9680,20
9681,19
9682,3
9683,0
9684,7
9685,0
9686,0
9687,8
9688,0
9689,0
9690,0
9691,3
9692,0
9693,0
9694,0
9695,0
9696,0
9697,7
9698,8
9699,8
9700,0
9701,3
9702,2
9703,2
9704,0
9705,23
9706,0
9707,0
9708,1
9709,0
9710,0
9711,27
9712,11
9713,0
9714,2
9715,27
9716,0
9717,3
9718,21
9719,0
9720,0
9721,16
9722,12
9723,0
9724,12
9725,25
9726,0
9727,16
9728,0
9729,6
9730,0
9731,13
9732,31
9733,9
9734,0
9735,0
9736,7
9737,0
9738,3
9739,1
9740,1
9741,19
9742,0
9743,0
9744,0
9745,4
9746,0
9747,7
9748,10
9749,3
9750,0
9751,4
9752,0
9753,3
9754,3
9755,4
9756,0
9757,0
9758,3
9759,0
9760,0
9761,0
9762,0
9763,10
9764,0
9765,3
9766,0
9767,13
9768,0
9769,0
9770,0
9771,0
9772,12
9773,0
9774,0
9775,16
9776,27
9777,0
9778,17
9779,0
9780,0
9781,0
9782,0
9783,0
9784,0
9785,0
9786,0
9787,0
9788,0
9789,0
9790,0
9791,0
9792,0
9793,0
9794,8
9795,0
9796,1
9797,4
9798,0
9799,0
9800,0
9801,8
9802,0
9803,0
9804,8
9805,0
9806,0
9807,6
9808,0
9809,0
9810,0
9811,0
9812,0
9813,0
9814,0
9815,0
9816,7
9817,0
9818,0
9819,7
9820,5
9821,12
9822,0
9823,0
9824,2
9825,2
9826,0
9827,17
9828,12
9829,0
9830,0
9831,0
9832,2
9833,0
9834,2
9835,6
9836,0
9837,0
9838,14
9839,10
9840,0
9841,0
9842,0
9843,0
9844,35
9845,0
9846,15
9847,0
9848,0
9849,0
9850,0
9851,5
9852,0
9853,0
9854,0
9855,0
9856,0
9857,0
9858,26
9859,14
9860,3
9861,0
9862,0
9863,1
9864,2
9865,13
9866,2
9867,16
9868,0
9869,0
9870,19
9871,0
9872,0
9873,0
9874,3
9875,2
9876,0
9877,26
9878,32
9879,0
9880,0
9881,0
9882,0
9883,0
9884,1
9885,0
9886,3
9887,0
9888,7
9889,0
9890,20
9891,7
9892,0
9893,2
9894,0
9895,10
9896,13
9897,1
9898,2
9899,0
9900,14
9901,15
9902,5
9903,16
9904,13
9905,0
9906,0
9907,0
9908,7
9909,7
9910,0
9911,13
9912,0
9913,0
9914,1
9915,0
9916,10
9917,31
9918,0
9919,0
9920,0
9921,0
9922,1
9923,0
9924,8
9925,5
9926,5
9927,1
9928,0
9929,0
9930,1
9931,3
9932,0
9933,5
9934,2
9935,24
9936,0
9937,13
9938,20
9939,0
9940,1
9941,12
9942,0
9943,3
9944,2
9945,13
9946,0
9947,0
9948,1
9949,9
9950,0
9951,1
9952,9
9953,0
9954,25
9955,0
9956,0
9957,0
9958,0
9959,0
9960,0
9961,0
9962,3
9963,0
9964,0
9965,1
9966,20
9967,0
9968,12
9969,7
9970,0
9971,5
9972,0
9973,1
9974,0
9975,1
9976,0
9977,0
9978,0
9979,0
9980,6
9981,9
9982,2
9983,3
9984,0
9985,13
9986,1
9987,0
9988,0
9989,8
9990,8
9991,0
9992,0
9993,1
9994,0
9995,0
9996,7
9997,0
9998,5
9999,18
